"","性别","年龄","吸烟史","糖尿病史","高血压史","PCI史","脑梗塞史","既往调脂药","既往阿司匹林","既往ADP拮抗剂","既往ACEI","既往利尿剂","既往β受体阻滞剂","既往CA拮抗剂","梗死前心绞痛","收缩压","舒张压","心率","入院诊断","killip分级","梗死部位","中性粒细胞","血红蛋白","白蛋白","肌酐","总胆固醇","甘油三酯","LDLC","HDLC","随机血糖","LPa","高敏C反应蛋白","BNP","TNI","PCI前CK","PCI前CKMB","PCI前阿司匹林","PCI前低分子肝素","PCI前ADP拮抗剂","PCI前2b3a拮抗剂","PCI前ACEI","PCI前ARB","PCI前硝酸酯","PCI前β阻滞剂","PCI前钙拮抗剂","PCI前溶栓","PCI前他汀","IABP","症状到PCI时间","病变支数","罪犯血管","病变位置","罪犯血管狭窄程度","术前TIMI血流","罪犯血管血栓数量","侧枝循环分级","PCI术中2b3a","PCI术中硝酸酯","PCI术中钙拮抗剂","PCI术中血栓抽吸","预扩张","后扩张","支架直径1","支架长度1","最大扩张压力","支架数量","球囊扩张次数","无复流"
"性别",1.29406279554365,-0.0105137507368448,-0.433888343538064,-0.0496225173180399,-0.005883310864968,-0.0599882706444862,-0.0382168938946492,0.00364779960549246,-0.0300048362551599,-0.0182947411364081,0.0383112747155844,-0.0226179116929254,-0.0184852380779375,0.0522533336045766,0.0579714054722024,0.19944530136874,-0.138353604807121,0.0274770753022252,0.0141215777893219,0.0581963961441729,0.0477190012350039,0.00187694623817047,-0.208381034232456,-0.106921469007358,-0.102960993066033,0.0471268549453253,0.0216689981556362,0.0151327430774278,0.00467256143878434,0.108463157050491,0.0951245095338603,0.104416683844712,0.0166046271120958,-0.0442608924542472,0.00671610264343478,0.0629716587161933,0.0852441735832693,-0.0382994630434192,-0.0180714491517819,-0.0477971719737808,0.047476184359144,0.002316864558494,-0.00201382016074704,-0.0129147299311893,0.0497908010133836,-0.0193042756644992,-0.0278955800317278,-0.0776042217423139,0.0229985032469531,0.0575325484033355,-0.00382507732074498,0.0798050911995957,-0.0104527802537908,0.0316507088768374,0.0467322707611603,-0.00757579201888635,0.00693757578757879,0.00963395703500827,0.00550466910397151,-0.0725859783144225,0.0464624178552521,-0.0353621681859231,0.0124829460931385,-0.00457425007798996,-0.00726001120346242,-0.0461539120698518,0.0278091653508862,-0.00146405461850599
"年龄",-0.0105137507368448,1.08808750462433,0.00658599875990446,-0.037107040757064,-0.0289888282004484,-0.0361001132002833,-0.0024581468288578,-0.00959145945018024,0.0393483956002315,0.0305092391183543,-0.00562677152410717,0.00135566361638843,0.0334576627006099,-0.00496476023938205,-0.00657411268373104,-0.0665471200636138,0.100140873222838,0.0168819086637348,0.0455902951505456,0.021597544115836,-0.000787206163381548,0.0171190859753617,0.0954802366747463,-0.0587634033412707,0.036067806847853,-0.0599237228280504,-0.000659818811127535,0.011100436545248,-0.0217492362498477,0.0033657637629449,0.0028039858324101,-0.0839677121957786,0.0163377685747597,-0.063969996425485,0.116945900721015,-0.0718353021864699,0.122526316843678,-0.0591525194672722,-0.0289068969051607,0.0169142501780776,-0.00976608108139803,0.00146530493276456,0.0282950357597684,0.0547302072181426,0.0306797017671165,0.0233138581139555,-0.042801305485652,0.0538775743893301,0.0137018416881307,-0.0254697313314902,0.0314058658134233,0.0135334915564561,-0.0243993735300468,-0.026605750677774,-0.0106835713253473,0.00158192245447495,-0.06117060662198,-0.0280899308867912,-0.00683541676354928,-0.0106283394765644,-0.0318588725376274,-0.00199590592414284,0.00516726599389354,0.047213784153565,-0.0192359780104874,-0.00528583740446317,-0.0379108622110787,-0.0405743710718274
"吸烟史",-0.433888343538064,0.00658599875990447,1.28816719727842,0.000173362303022155,0.0881448339062013,0.0212549536651054,-0.0192900477555994,0.00308453908422559,-0.0262414428044302,0.0696387677310423,0.00907083941352661,-0.00141343457982187,-0.0272992051440146,0.0916857213210906,0.0101699729919271,0.061381625709807,-0.115392368076196,0.0486494699926022,-0.00379181219489715,-0.0771954076454707,0.00127001638377208,-0.0520069060935563,-0.0207310011970141,0.0293897755047891,0.0267023830227862,0.0593658795937227,-0.00799035277750122,-0.0197331668578799,-0.0232741553637071,-0.0295057997459443,0.0457492974638164,-0.0569806500373652,-0.05223676099631,0.0651339200262896,0.0156925527806956,-0.0788782220936563,-0.209309415625454,-0.0148474794541963,0.0685689959493657,0.0482893138857998,-0.00267104408769471,0.000159998054631736,-0.0423747709461918,0.0232157827255916,0.0320958758556285,-0.072943881561891,-0.0128117281992609,0.066544477662454,-0.0450791681841482,-0.0722602120428943,-0.0445905845714732,-0.0753986148703861,-0.00673708822352361,-0.0430957911361829,-0.0778672670167176,-0.012683704154505,-0.0638833232315081,0.0705224135577229,0.0223861933512549,0.0137924162692355,-0.0634859522542521,-0.065224597186338,0.00958243747239449,-0.0361182270656851,0.0517329792744112,0.0102171409592721,0.00859111429022175,0.0464740062662535
"糖尿病史",-0.0496225173180399,-0.037107040757064,0.000173362303022127,1.19517143638045,-0.0515902941054092,-0.0108567012439247,0.0109169882412922,-0.0533775269185023,0.0189957831180263,0.00445700444444532,-0.0129382442390427,-0.0483050867885302,-0.00789548862616746,-0.0702677298352458,0.0193602218553315,-0.107092344198789,0.100665412635969,-0.0333705671809683,0.0443406760923606,9.02497526553375e-05,-0.0342441264521127,-0.00625630716259874,0.0138716546549747,0.0552263863748421,0.086085421255885,0.0344033687014994,-0.0273272508505561,0.0123571499808731,0.0309152013595498,-0.340680696310854,-0.0394996227661407,-0.0349202857025238,0.00205398966625451,-0.0197866963987256,-0.0345183101572615,0.170273641206292,-0.0778086100842709,0.0171755514206605,-0.035526436276608,0.00355564151585885,-0.064992195450825,0.0281796910362891,-0.00867488322344754,-0.025214167025942,0.0180237219970026,0.00879437174274078,0.0344921517723271,-0.00367032468634713,-0.00071286168377259,-0.0930351787631381,-0.041639651945323,-0.0204723634858516,0.0058582776309272,-0.0289791476482736,-0.0153144126806978,0.0136965201188352,0.024943685066356,-0.000776720711645465,-0.0126488520248853,0.0198063011199431,-0.0958858373429122,0.128532796457399,0.0386835680892421,-0.0247255150049761,-0.0176873638995357,-0.0134425660068802,-0.0948914679849159,0.0797483794613601
"高血压史",-0.00588331086496804,-0.0289888282004484,0.0881448339062012,-0.0515902941054092,1.56728437366105,0.0410127557902819,-0.0363271971821005,-0.0115277483369274,0.0154874103163543,-0.0528985160070087,-0.237956842369263,-0.0446003312429015,-0.0245109891489758,-0.67963995519864,-0.0392823913939955,-0.219374462249174,-0.043422150035993,0.0343594357250143,-0.0337892952685888,-0.0883182207515345,-0.0299393377641024,-0.0135711370240511,-0.0170744450285514,-0.0181257615798563,-0.0506399671415228,0.041653757405827,-0.060339906054079,0.0439704634373981,0.0115264087812665,0.0281619765042962,0.0313582334397759,0.000774945916302592,-0.0167019931127155,0.0086260353295313,0.0933725113667264,-0.0780744508022195,0.0195327881132379,0.0425412523782823,0.0273175448993697,-0.0387757863303434,-0.0352836025127994,0.0511878089424313,-0.0775311011510736,0.0626771144264883,0.0976754555629163,-0.0400303137467352,-0.0714257801474452,-0.00769243499625626,0.0324394131574575,-0.0636512035340478,-0.0151042954358755,0.00710776693524979,-0.00142482396029572,-0.0266804958900347,-0.0589740927475285,-0.0160480924331264,-0.0513088955897949,-0.0101597927346097,0.00909684002990084,0.0530681443284791,-0.0311858312277771,0.0804439132024483,0.0128165012871761,-0.0171861251280688,-0.0231973396959867,0.000474781450097021,0.0197899485350567,0.104195271758142
"PCI史",-0.0599882706444862,-0.0361001132002833,0.0212549536651054,-0.0108567012439247,0.0410127557902819,1.52189308244215,0.0312973188336003,-0.326798260209025,-0.298776193114872,-0.269465877896423,-0.207152190592736,0.0822801914375035,-0.191451671846951,0.0808960963857468,-0.0632959116464967,-0.0946449651612744,0.0237744325918233,-0.00897007007618404,0.0138520162777549,-0.0129123948436577,0.0480746116487236,-0.00319650850991734,0.0165806813490425,0.126490585111527,0.0217675616337144,0.0218350256900968,0.0160517381220236,0.00947674983384814,-0.0116989575361988,0.00345927989162272,-0.0119987119841865,0.0618680584617575,0.0392822152585805,-0.164644097843922,0.00926090799959517,0.12949739358008,-0.0317130270714413,0.00872081465133896,-0.0148955715093344,0.0822778977925613,0.00100820921930284,-0.0210214400521862,0.0165093805837242,0.0775191031046743,0.0106076658564911,0.0176667702173794,-0.0730590926074794,0.0526466654698318,-0.0306242519182985,-0.0677615220064789,-0.0348392820207667,0.0286355555555009,-0.019807818042943,-0.0120935835784875,-0.0561735195565806,-0.119729996435487,0.053917275268312,-0.0600446307433012,0.0111522164456612,-0.0362256131605465,0.0703871186013466,-0.00211093155667775,-0.050899655892132,0.173146144244767,0.0739599897699826,0.0925077958275177,-0.0967989795765021,-0.0643768812415933
"脑梗塞史",-0.0382168938946492,-0.00245814682885781,-0.0192900477555994,0.0109169882412922,-0.0363271971821005,0.0312973188336003,1.09928771350145,-0.00878882392273798,-0.00349478198918134,0.0380421414799068,-0.092087257422015,-0.00248878324645964,0.0169637056182551,-0.128304328166053,0.0104149626915495,-0.0199657041464475,0.0128191506351873,-0.0699125113575539,-0.0696712697982828,0.0592209108846461,-0.0472088023990649,0.0240886739957564,0.0310878109768691,0.0464224483086759,0.0169749830350133,0.0159835154974617,0.0645632896420677,-0.0133551573898453,-0.0677078848217845,-0.00909350908143599,0.00602959737927442,0.013967591664348,0.025763716155829,-0.0627590835127926,-0.0170346261612164,0.058316883351214,0.0687866711146346,-0.00405968840677669,-0.0454501968318031,0.0803399281463291,-0.0473075567686279,0.0104646722036601,-0.0168799634173958,0.0470260851475238,0.00953642124783476,0.0187427950752029,0.0861654572419446,0.0300884534322572,-0.0365908280337834,0.0305640756744242,-0.0521646551368539,-0.000430273188587488,-0.0058881176651283,-0.0091515625005864,0.0557030416167134,0.0230671160558273,0.027467085753262,-0.0375200678290708,0.12229014149986,-0.0536457495384608,-0.127880441458363,0.114457477079335,-0.0260674147624636,-0.015159161090975,-0.0866423987145106,-0.0270802090772385,-0.0227848802165732,-0.141994783637373
"既往调脂药",0.00364779960549245,-0.00959145945018023,0.00308453908422559,-0.0533775269185022,-0.0115277483369274,-0.326798260209025,-0.00878882392273798,1.35936372901167,-0.25826862372055,-0.312138231256333,0.00675978552812079,0.0462201952058584,-0.0140103671046772,-0.0127456072286783,0.0365249022885742,0.0513705641973043,-0.00215391314040234,0.0207149478100727,-0.0645881957786666,0.0244108259417228,-0.031447845803509,0.0205626413408935,-0.00945388186116359,-0.0330337373654414,-0.0279425161546832,0.000883169234912434,0.014506731282895,-0.000937638369130788,-0.00401839686474872,0.0152063350875514,0.00933531428440931,-0.00343926694274293,-0.00347133946514115,0.120457750176863,0.0330733049781441,-0.184339871265326,-0.00033279115554491,-0.0548297448311793,-0.0281178718747131,0.0207387007036864,0.0909385008779068,-0.0781808236601157,0.0196411963971446,-0.00173652577919602,0.0220689194192318,0.0285428798421485,0.0259468243345493,-0.0203191491393235,-0.0226208163627397,-0.0644515516699915,-0.00325297099033909,0.0304677316050467,-0.00856761601437346,-0.0147164143048689,0.0468066590741028,0.029502965031827,0.0027284660094795,0.0392874605350852,0.0251877031891978,-0.0163710450655451,-0.0415281859245498,0.0450002269123707,0.0743009058980847,0.0179315055278658,-0.0231764270467119,-0.102206945134398,0.00298440279612307,0.0158234902425916
"既往阿司匹林",-0.0300048362551599,0.0393483956002315,-0.0262414428044302,0.0189957831180263,0.0154874103163543,-0.298776193114871,-0.00349478198918137,-0.25826862372055,1.36758429788485,0.0142966322488055,-0.0607148464911296,0.0324011718318245,-0.178892537398881,-0.0804982087259082,-0.0852106816434325,0.0141941498156325,-0.0438159687162793,-0.0132987031101697,0.0623330452261638,-0.0537252297303875,-0.00328260922288121,0.0335219764439556,0.0163821042883309,0.0206583921928701,0.043238139884688,0.00554506997954351,0.0172002506774363,0.0381360266717969,0.0119218661670705,0.00938246393814536,0.0115428732517998,0.00678362868644754,0.071545584524649,-0.100344982826021,0.060646377832077,0.0655324365858563,0.0863155109934369,-0.0523485211472151,-0.000530152513193411,-0.047668820945792,-0.0473008974886391,-0.0775928169007668,0.0135034962994655,-0.0120054381093594,-0.0724950685337481,0.0656387161902881,-0.0257731112623995,0.00103427640243667,0.0257678998624389,-0.0313828613461763,0.030591075393869,-0.087431733833667,-0.0201949147322773,0.0580810443187424,-0.0569920676215022,-0.173917454081525,-0.0146702655781798,0.00885571917700865,0.00495151193780179,-0.00775031070918391,-0.0278446580341591,-0.0252105039520544,0.058103235931419,0.00216445366513284,0.0140724213297828,-0.0321273466798245,-0.035150814722974,-0.0552884936341213
"既往ADP拮抗剂",-0.0182947411364081,0.0305092391183543,0.0696387677310423,0.00445700444444532,-0.0528985160070086,-0.269465877896423,0.0380421414799068,-0.312138231256333,0.0142966322488055,1.22447289864189,0.00367600618062448,0.00565744207929323,-0.0334483451210067,0.0311961271381959,-0.00616181528722664,0.0412324547047117,-0.0112512522057232,-0.0146248349250103,0.00550041480256099,0.0653577514362022,-0.0239060930419211,0.0218060795023233,-0.032863485691191,-0.0742473051121557,-0.0165947287536184,0.00883023473704681,-0.0123294389241898,0.00673330204995582,0.00449820052131365,-0.00266988491037523,0.0127897972588735,0.0108481589178394,0.0121397091120993,-0.00227509457437166,0.00751573114342307,0.0419118230668139,0.0116097404370002,0.0307668995411736,0.0534606177309192,-0.0392749601800395,-0.010723038988935,0.0684660255970663,-0.0275096613003565,-0.0142507778207148,0.00703837911546876,-0.0321747765192291,0.0231738258281647,0.00711921026443875,0.0374641026514112,0.0661152478979634,-0.0300894165710354,-0.0537404639273346,0.0321860848815049,0.0235139565340796,0.0833648527692434,-0.00859728992984711,0.00320267315105638,-0.0404230553595007,-0.0812290371288795,0.00381293995842787,-0.0548445701703407,0.00705862093322379,-0.0177794234811802,-0.0408963950657492,-0.0154689021676705,0.0216657030284439,-0.00480175568630636,-0.0285731762488831
"既往ACEI",0.0383112747155844,-0.00562677152410718,0.00907083941352662,-0.0129382442390427,-0.237956842369263,-0.207152190592736,-0.092087257422015,0.0067597855281208,-0.0607148464911296,0.0036760061806245,1.30675945086766,-0.291254497620985,-0.0363064206068824,-0.104637299247651,0.0150136525332931,0.050700210561715,-0.041846376016795,0.0382385777646877,0.0396494368022419,-0.0467764378616532,0.0182287951633622,-0.057964111674062,-0.0186729899814837,-0.012806321711432,0.00403630265838768,-0.104635153084461,-0.00476977676724851,0.00925753342607083,0.0186271819777016,-0.0103435095578969,0.0236934165287697,-0.0523424987905636,-0.14923644123847,0.0316954547612027,0.00336630038528753,-0.00526629256778513,-0.136751603889572,-0.0410238098914711,0.0397877484599558,-0.00345143308228028,-0.00535764368126348,-0.0692022922177826,-0.0143380987068202,0.0446185410353718,0.0321118528903806,0.0244800678756273,0.0306699685914474,0.0128641057944467,0.0646678178204043,0.0129163004583414,-0.00114410882344826,0.0612929613415883,0.0201229850946688,-0.0543619694568951,0.0262943435801398,-0.0349021902538788,0.0227077131381688,-0.0270734745712204,-0.0478615800077854,0.0637041574737255,-0.0339819952019,-0.0416409289904696,0.0390937999153646,-0.0178193164598648,-0.0323951459341041,0.0191578250509672,0.0241819669999505,0.0536704719664536
"既往利尿剂",-0.0226179116929254,0.00135566361638844,-0.00141343457982187,-0.0483050867885302,-0.0446003312429013,0.0822801914375035,-0.00248878324645966,0.0462201952058584,0.0324011718318245,0.00565744207929323,-0.291254497620985,1.21323041298346,-0.0223196318227004,-0.214734219642203,-0.0108102992745088,0.0327178021837427,-0.0374373645561957,-0.0227893114015412,0.0186731609763441,0.0274671977173344,0.0641702697820948,0.0381337746874865,0.0256245495354509,0.0457217544386493,0.0149294127215542,0.0290968346396031,-0.00876156621502218,0.00713198209633317,0.00814567366549993,0.0385945899994192,0.0157102243032097,-0.0258332692392521,0.0675435376963411,0.0165837784775475,0.0608955017462312,-0.106874585760803,-0.0786512835111516,0.0172168508033456,-0.0313471298596506,-0.0677924611946979,0.0258554914715593,0.00466538457166247,0.00861521694178375,0.014319387326744,-0.0592727878850058,-0.030556741804474,-0.0644961916637235,0.0149266654379981,-0.0244821221693187,-0.0269357245719395,0.0519252351275153,-0.0413564689898141,-0.0117563403311268,-0.000263549390127843,0.0406987596701573,0.0490598067000779,0.0730661795653214,-0.0204616608820228,-0.0336673573766452,-0.0589876686637102,0.0215730296643255,0.0247178669574474,-0.012195883478356,0.0924891868167794,0.043570384686556,0.0258035217288168,-0.079255986861931,-0.0570771105030152
"既往β受体阻滞剂",-0.0184852380779375,0.0334576627006099,-0.0272992051440146,-0.00789548862616748,-0.0245109891489759,-0.191451671846951,0.0169637056182551,-0.0140103671046772,-0.178892537398882,-0.0334483451210066,-0.0363064206068824,-0.0223196318227004,1.22664687908552,-0.162558862817492,0.009603155201128,-0.0392237629516151,0.0514848693752938,-0.000548559517512941,-0.101431739057679,-0.0976449301464918,0.0247672981418488,0.0305285010401967,-0.0144929357714128,0.000575050714257338,0.0113294710769646,0.00522462654998841,-0.00558417828120725,-0.00174474224553177,0.0106735548342289,0.0157363266391898,0.00435020725529367,-0.0134785428596508,0.06166181907742,0.0339008467895283,0.00649703517053939,0.0656477239533715,0.178124340466606,0.0458127745369716,-0.0341454384514982,-0.00147826160638791,-0.0110878285783989,-0.103847611306061,-0.00936670478066019,-0.00903421308732619,-0.00873289898212988,-0.0741052867582672,0.000403420417604296,-0.0327076219143264,0.0442326713074208,-0.0309855960360802,0.0138527607809536,0.00673408389322677,0.000550444879144232,-0.0573657859496372,-0.0558498027586498,0.0133779888937676,0.0804009381854358,-0.00377405597395895,0.0110264008703129,-0.0140404639048966,-0.0181840186047332,0.0224898015463404,0.0383691101316978,-0.0585289467186898,0.0274743713875165,0.0262370090294649,0.023143891751223,0.0346480369403951
"既往CA拮抗剂",0.0522533336045766,-0.00496476023938204,0.0916857213210906,-0.0702677298352459,-0.67963995519864,0.0808960963857468,-0.128304328166053,-0.0127456072286783,-0.0804982087259082,0.0311961271381959,-0.104637299247651,-0.214734219642203,-0.162558862817492,1.57371521535809,0.00765969692842625,0.00863087191093099,-0.0605492829158192,0.142303551835483,0.0582251847515264,-0.00250174548070535,0.0463752221401714,-0.0788175730209417,0.0684178090065915,0.00019572405566068,-0.0240474288922973,0.0213025652947962,0.0205084167706014,-0.0130898267445066,-0.0227888017478497,0.00260924885520808,-0.0263719618358884,-0.0132094005983198,-0.00418782756059905,-0.0377163831932494,-0.00737185233184688,-0.00387398215969989,-0.0112890843258891,-0.0267912953233664,0.0261626628468059,-0.0131582427325358,0.0323897664023552,0.030884372896844,0.126170577921976,-0.045418156438353,-0.0575443771113153,0.0167822891907154,0.0484418328571589,-0.00800195149682742,-0.017118298171217,-0.0146866701077434,-0.0387898518123597,-0.00156576644526464,0.0125091607754339,-0.0127779457512254,-0.00378349651075952,-0.0480275866008305,-0.0204459003032021,0.0430393950323632,-0.0105745270853699,0.0563602469171824,0.0745530481937707,-0.130284289258716,-0.0636452141459434,-0.0519508812521327,0.0414446585554922,0.0382883219136187,-0.0237579457105249,-0.0336679471322819
"梗死前心绞痛",0.0579714054722024,-0.00657411268373104,0.0101699729919271,0.0193602218553315,-0.0392823913939955,-0.0632959116464966,0.0104149626915495,0.0365249022885741,-0.0852106816434325,-0.00616181528722662,0.015013652533293,-0.0108102992745088,0.00960315520112801,0.00765969692842625,1.083528290905,0.0360074030133789,-0.0697859889026821,-0.0271566697885436,-0.0187835469686294,0.0489050815348304,0.0192777730065558,0.0134797153290531,0.0105359063927577,-0.0373075952495796,-0.0402238722648719,-0.027597771183615,0.023073724071768,-0.0460169081893905,-0.00298531950804995,-0.0689255588517128,-0.0576553643592929,0.044917083902305,-0.0359248465817062,0.0532546125355516,0.00932340536617425,-0.00253070937605994,-0.00731324946173433,0.0119944004821309,-0.00619013892021284,-0.0550530746748292,-0.00113117760666953,0.0123923515703122,-0.099396312802882,-0.000731465713653303,0.0491304023169325,-0.0719975330101983,-0.0334909653988382,-0.0372704886263809,0.0517368320673584,-0.00674585576251473,0.026674728441485,0.0243816668429559,0.0229901897812727,-0.0053568335791723,-0.0572944156161675,0.0130794703583103,0.0949500472090091,0.0584739254815018,0.0206775185037449,-0.0150595496846978,0.0296921327332462,0.00262635097064304,-0.0252235001765329,-0.00302623880284044,0.0545165985022691,-0.049012379799425,-0.0601633769733401,-0.00318339018744737
"收缩压",0.19944530136874,-0.0665471200636138,0.0613816257098071,-0.107092344198789,-0.219374462249174,-0.0946449651612744,-0.0199657041464475,0.0513705641973043,0.0141941498156326,0.0412324547047117,0.0507002105617151,0.0327178021837426,-0.0392237629516152,0.00863087191093096,0.0360074030133789,2.53413822405333,-1.80624001451486,-0.0413101870642502,-0.0481600849945025,0.362115623119017,0.0640339831117339,0.0608205215839357,-0.015595450948863,-0.0365673560110702,-0.0457870485277363,-0.0339937836443806,-0.0308288201784858,0.0345764258820867,0.051509809808083,0.0754477269206264,0.0928270758763014,0.0182588866569667,-0.0186184093147379,0.0567115860141883,-0.0319094296260012,0.0183167703073217,0.112690336183427,-0.0188619339100746,-0.0192166032424888,0.0867182123543834,-0.0438938934530605,-0.0142854949811189,-0.053366489895115,-0.0508805572532475,-0.0165848990841583,-0.0585986865408258,0.0898726688218199,-0.00459427915508607,-0.0396831195173768,-0.0828606581739384,0.0602403492795343,0.00819550034091162,0.042601139030671,0.0422608374624854,0.133900295700914,0.0309692537163962,0.123338573305462,-0.113124376122616,0.00874387010110002,0.0230315240551886,-0.0400439478317606,-0.0760873893660221,0.0590595958408682,0.0313460821508431,0.028483232730955,-0.00587254999902842,-0.0182882331785037,-0.01633085953348
"舒张压",-0.138353604807121,0.100140873222838,-0.115392368076197,0.100665412635969,-0.043422150035993,0.0237744325918233,0.0128191506351873,-0.00215391314040236,-0.0438159687162793,-0.0112512522057233,-0.0418463760167951,-0.0374373645561957,0.051484869375294,-0.0605492829158192,-0.0697859889026821,-1.80624001451486,2.50422010221349,-0.136731385948744,0.0195938616345905,-0.0724999187354773,-0.0411520726592304,0.01439907724424,-0.0555973306909581,-0.0441967245305893,0.0181823179362898,0.00923063488405861,-0.00559441357424535,-0.0421280762537579,-0.107853759772935,0.00450346588026419,-0.0758969047127567,-0.0158940564369838,0.0163834373910973,0.0266706488415092,0.0971195267461572,-0.0295329479959237,-0.351143278019907,0.0180948480727992,0.0591827614248484,-0.0985082971972194,0.00488989413424641,-0.0149407544905916,0.0549434778370923,0.0389999254877616,0.0462186709871241,0.0128044254526694,-0.0224803525239285,0.078624739971699,0.0185490260601887,0.0276521347744032,0.0340525652180569,-0.0252113695579624,0.00767645471235308,0.0085930979046501,-0.0566234514109268,0.00989320208617796,-0.14957457655836,0.0816167647178995,0.0263506180613109,0.027186718301208,0.02432651803367,0.0618110852651446,-0.040453309388704,0.0210627644791653,-0.0122337813304848,0.0488989677202413,-0.0194234159224935,-0.124766646782668
"心率",0.0274770753022252,0.0168819086637348,0.0486494699926022,-0.0333705671809683,0.0343594357250143,-0.00897007007618405,-0.0699125113575538,0.0207149478100727,-0.0132987031101697,-0.0146248349250103,0.0382385777646877,-0.0227893114015412,-0.000548559517512946,0.142303551835483,-0.0271566697885436,-0.0413101870642502,-0.136731385948744,1.14118078880074,0.0300230102666553,-0.033755943662651,-0.00965835992549659,-0.145836452442612,-0.0527758864690447,0.0721869345774033,-0.0133853692204819,0.0302539628982863,-0.0777820244978884,-0.0100325132418136,-0.01937315102462,-0.0318646390996135,-0.0332334173734039,-0.0699903044953973,0.0101511919460335,-0.0504695493609906,0.0734371423849148,-0.0492856188760919,-0.0630387717787764,-0.00770799281137901,0.0432034653052457,-0.0885248139853978,0.0548547074046839,0.0114257851525033,0.107141073433851,-0.0285040397696752,-0.021496052315675,0.0438154881894564,0.00998445180572939,-0.0531626595452844,0.0291170516727006,0.0338705973200382,-0.013186702801768,0.00225898799388929,-0.0300157700439725,0.0232209769056056,-0.0426723292171442,0.0106554196595453,0.0137046653039798,0.0109122326086939,-0.0146022048579853,0.0575431805568359,-0.0444868384505396,0.00672168349904712,-0.0663754965164137,0.00409124630212534,0.0563042996155798,0.0143701049572167,-0.0338477473673571,-0.0534421976854107
"入院诊断",0.0141215777893219,0.0455902951505456,-0.00379181219489715,0.0443406760923606,-0.0337892952685888,0.0138520162777549,-0.0696712697982828,-0.0645881957786665,0.0623330452261638,0.00550041480256099,0.0396494368022419,0.0186731609763441,-0.101431739057679,0.0582251847515264,-0.0187835469686294,-0.0481600849945025,0.0195938616345905,0.0300230102666553,1.14012805433329,0.0559655488684968,0.00596416720669766,0.0149620037516805,0.0239887052009097,0.0148706811679017,-0.0916970298660515,0.00163446313521889,-0.0189590425951172,0.0198563990448726,0.00909325683388807,-0.014824786900598,0.0184247930469834,0.0462284124037402,-0.0531479829043102,0.00399653411795811,0.0392856610942053,-0.0108370661136922,-0.00910922393785405,-0.0783610912693826,0.000699308313585156,0.0162047749606375,-0.00107979536767034,-0.0645648208203366,-0.00509556459677287,-0.0127972327820444,-0.0342762091143142,0.081684997399689,-0.0125763927014313,-0.055907279434389,-0.149074735678763,-0.0280175079727269,-0.00578717098243633,0.0399960648797724,-0.0102850173706401,-0.0178323636168517,-0.0182436364331685,-0.0170715479451231,0.00171558445645263,-0.00099982669398145,-0.0201855366568198,0.121323507110426,0.081532257559499,-0.0368531552518809,0.0199288918763414,0.115076999921833,0.0822041736134127,0.0320905950751631,-0.0655029648419551,0.0454848422414508
"killip分级",0.0581963961441728,0.0215975441158359,-0.0771954076454707,9.02497526553537e-05,-0.0883182207515345,-0.0129123948436577,0.0592209108846461,0.0244108259417228,-0.0537252297303875,0.0653577514362022,-0.0467764378616531,0.0274671977173344,-0.0976449301464918,-0.00250174548070534,0.0489050815348304,0.362115623119017,-0.0724999187354773,-0.033755943662651,0.0559655488684967,1.45342841675324,-0.0312694477224917,-0.0249229135872944,0.0770161738058953,0.148614669191136,-0.0266566002253232,-0.00779063885873805,0.020621354225223,-0.0483088779832432,0.0255154291158235,0.0227064802837611,0.0151247397457736,0.0548897601522195,-0.00280298607105263,-0.089957542540631,0.0561122269282493,-0.0455617478970425,-0.440144985788529,0.0366894970148748,-0.0609886997412667,-0.0505680827678993,0.0567909407614819,0.0621362442640906,-0.0500826838969024,-0.119195183206359,-0.00328512707850516,0.0211084117992423,0.100800557541339,-0.179187082681366,-0.0227682059704635,0.00645019798126695,0.0420820226114074,0.0542610733414794,0.0493265326474936,-0.0180835353567816,0.101536698813469,0.091153969921142,0.00736152342281189,0.150415433042335,0.0240281021449436,-0.0390538639435449,-0.0700545020720627,0.0174450719290794,-0.13001835338982,0.0295654552300528,0.0408661995810476,0.0299644695347379,-0.235543975704984,-0.16743691734466
"梗死部位",0.0477190012350039,-0.000787206163381538,0.00127001638377207,-0.0342441264521127,-0.0299393377641024,0.0480746116487236,-0.0472088023990649,-0.031447845803509,-0.0032826092228812,-0.0239060930419211,0.0182287951633622,0.0641702697820948,0.0247672981418488,0.0463752221401714,0.0192777730065558,0.0640339831117339,-0.0411520726592304,-0.00965835992549657,0.00596416720669764,-0.0312694477224916,1.11999336688552,-0.0204679210376293,-0.000576213203746578,0.0597513634062145,-0.0368843973231706,-0.0333752420995634,-0.0167901872686523,-0.0165501693599129,-0.0442972838928205,0.0482835897075839,0.0253014035888146,-0.0879370686077073,0.00763042204609371,-0.0897845375729049,0.151538255054255,-0.139649380388628,-0.0399578653389146,0.0142127203633342,-0.0159119117293111,-0.0802570824228198,0.036903411639328,0.0100881863306333,-0.00313765450566226,-0.00634983572066647,-0.00668716673106821,0.00484723958910476,-0.0343080614104192,-0.0315755299004247,0.00894037346472988,-0.0240370515036259,-0.0201190536835186,0.0826791911842345,0.038666454109875,-0.00333796568158414,-0.0245209216781764,0.0117202569185241,-0.0819177445390575,0.0508160094563719,-0.046880071259923,-0.0473583219644526,0.0494140918785455,-0.0121838955172534,-0.0430982100833872,-0.014430654603046,0.0353382923046394,0.0912673857937299,-0.0279580459354497,0.0322109198752839
"中性粒细胞",0.00187694623817047,0.0171190859753617,-0.0520069060935563,-0.00625630716259873,-0.013571137024051,-0.00319650850991733,0.0240886739957564,0.0205626413408935,0.0335219764439556,0.0218060795023233,-0.0579641116740619,0.0381337746874865,0.0305285010401967,-0.0788175730209417,0.0134797153290531,0.0608205215839356,0.01439907724424,-0.145836452442612,0.0149620037516805,-0.0249229135872944,-0.0204679210376293,1.14544498377664,-0.107900571541692,-0.205986390734439,-0.011257294364915,0.00572902783360937,0.00964018841832335,0.027025371881423,-0.00226043062843811,0.0257487907812036,-0.000363173636349398,-0.117194387180132,0.0445329908080506,0.0310997975411857,0.0347072137352199,-0.100709090458445,0.0849835605328324,-0.0560267914858431,-0.0571563283554703,0.00530061194150153,0.0119333734935858,-0.0171997811466146,0.0086617385512266,0.0409105127703187,-0.0029379093096714,-0.0156591707312446,0.0440028235580242,-0.0269932195045361,0.0127512705389967,-0.0157537618960477,0.0615621502201574,-0.0183482983109792,0.0131840304124669,0.0336144452356284,0.00802632535538977,-0.0257852987682993,-0.114746551035084,0.0854152682033543,0.00268106988593703,-0.0417059655381871,-0.0674861203411659,-0.0469513603635164,0.0619378488105841,0.0673384574835255,-0.00150028930699816,-0.0184732930557341,0.0394177215448545,-0.0513984113539095
"血红蛋白",-0.208381034232457,0.0954802366747463,-0.0207310011970141,0.0138716546549746,-0.0170744450285515,0.0165806813490425,0.0310878109768691,-0.00945388186116358,0.0163821042883309,-0.032863485691191,-0.0186729899814837,0.0256245495354509,-0.0144929357714128,0.0684178090065915,0.0105359063927577,-0.015595450948863,-0.0555973306909581,-0.0527758864690447,0.0239887052009097,0.0770161738058953,-0.000576213203746577,-0.107900571541692,1.17248026456208,-0.0064896407996879,0.0194645500565705,-0.0163008709951944,-0.0217152839610147,-0.0557482145246308,-0.00928914970031355,-0.0742440300076422,0.0408518601103796,-0.102249438808535,-0.004921426015884,-0.0216405689281911,0.0400988033546432,-0.00453755471314447,-0.0649201590615096,0.0524538999040719,-0.0300263510526423,0.00128923105100578,-0.0169588578063484,-0.0328260535651465,-0.0031537484310081,-0.00568299162500209,-0.0329584565169224,-0.000847666389440485,-0.0238573700576763,0.0379965100172321,0.00912293648419853,-0.00760759315435964,0.0932480935308904,-0.0795654072385284,0.0169845368669056,-0.0567826618468296,-0.0375122959850461,-0.0218122451639275,-0.112900017695398,0.0683734092909563,0.217320700481552,0.0104954467000413,0.00343396344479854,-0.0613190065170834,-0.133004342314457,0.0198302317442064,0.0272616794922139,-0.035787891929881,0.023712366675042,-0.166412210730927
"白蛋白",-0.106921469007358,-0.0587634033412706,0.0293897755047891,0.0552263863748421,-0.0181257615798563,0.126490585111527,0.0464224483086759,-0.0330337373654414,0.0206583921928701,-0.0742473051121557,-0.012806321711432,0.0457217544386493,0.000575050714257374,0.000195724055660684,-0.0373075952495796,-0.0365673560110702,-0.0441967245305894,0.0721869345774032,0.0148706811679017,0.148614669191136,0.0597513634062144,-0.205986390734439,-0.00648964079968788,1.23747928036017,-0.0064405076697181,-0.0268876658083099,-0.0753883895748216,-0.0554969183917947,0.0010272661522699,-0.0595385220094975,-0.153280914096695,0.0999512644666076,0.0483587117775358,-0.0664862802139036,-0.0742351526845442,0.0982720155843596,-0.287809772195948,-0.0642503310982486,-0.0691265357757676,-0.0176960336384332,0.0262436562903902,-6.74519106540596e-05,0.0199094733491385,-0.0577237452176305,-0.051402627006561,0.0253279879070677,-0.0455660836341982,0.102658602709858,0.128522250444915,-0.0715802752416366,0.1207094758814,-0.058155885432652,-0.0218509880506222,-0.0313887266977571,-0.130315672419783,0.0605058621280277,0.13043127626854,-0.0967170830235113,0.0224450790830457,0.00895384180081733,0.00949967331298223,0.0263796477851713,-0.149011246897439,-0.00519866342779513,-0.0584082112883217,0.0181944264218078,-0.084332296231986,-0.00692324934199356
"肌酐",-0.102960993066033,0.036067806847853,0.0267023830227862,0.086085421255885,-0.0506399671415228,0.0217675616337144,0.0169749830350133,-0.0279425161546832,0.043238139884688,-0.0165947287536184,0.00403630265838767,0.0149294127215542,0.0113294710769646,-0.0240474288922973,-0.0402238722648719,-0.0457870485277363,0.0181823179362898,-0.0133853692204819,-0.0916970298660515,-0.0266566002253232,-0.0368843973231706,-0.011257294364915,0.0194645500565705,-0.0064405076697181,1.11960540804747,0.0225502924449672,-0.00169954384338386,-0.00348343896832543,-0.0326398035222602,-0.0612810460637001,0.0642726340563769,-0.125281623138208,-0.00883315046736305,-0.052518680583125,-0.12909629737149,0.140693309008774,-0.102966350920752,-0.0732471788931458,-0.066496964220254,-0.00400190968465302,-0.104638571712857,0.00853562251224474,0.00151675390676308,0.0797170244677229,0.0341006160178449,-0.0325013787967343,-0.063648660759261,0.0337439419495829,0.0719436538135503,-0.0596822986235326,-0.0406558704803042,0.00785883605134729,-0.00701213747974381,0.0256792091524048,-0.0681347950136528,-0.0416028623909754,0.0276552133131477,0.0164828965357482,0.0218154914426187,-0.0259227621205014,-0.0116055345408019,0.0131965234849091,0.0108915211157809,0.0403196240538701,-0.04046197251846,-0.0183585418532713,0.0544105757972805,-0.0140450648779278
"总胆固醇",0.0471268549453253,-0.0599237228280504,0.0593658795937226,0.0344033687014993,0.041653757405827,0.0218350256900968,0.0159835154974617,0.000883169234912434,0.00554506997954351,0.0088302347370468,-0.104635153084461,0.029096834639603,0.00522462654998842,0.0213025652947962,-0.027597771183615,-0.0339937836443806,0.00923063488405862,0.0302539628982863,0.00163446313521888,-0.00779063885873805,-0.0333752420995633,0.00572902783360937,-0.0163008709951944,-0.0268876658083099,0.0225502924449672,1.06079977304452,-0.00867186826360898,-0.023907058487299,0.00790726206438461,0.000141059532590773,-0.109216778946453,0.0115250661536529,0.0176040949190548,0.0154951683545827,-0.082108931563976,0.0307876642022628,-0.0181745561068983,0.020139275000465,-0.0021664938944563,0.0227587713759839,-0.0154165169679619,0.0118573736426629,0.0303468553944913,-0.00395244264155946,-0.000695289669684468,-0.0258043146160095,0.0070674556750429,-0.0070217721771889,0.0235674232940767,0.00740752249709606,-0.0744940187366907,0.00813595181076993,-0.00335925275481211,0.0293665594254591,0.0549087349012192,0.016577049475,-0.00444299993882238,0.012801503179339,0.0160426139283311,0.0287921069179949,0.00929041991847654,-0.0220753737547793,0.0118710955684664,-0.0107895159892781,0.0667649015080581,0.0018367067596964,-0.0669399279274481,-0.0247882889999313
"甘油三酯",0.0216689981556363,-0.000659818811127539,-0.00799035277750123,-0.0273272508505562,-0.060339906054079,0.0160517381220236,0.0645632896420677,0.0145067312828951,0.0172002506774363,-0.0123294389241898,-0.0047697767672485,-0.00876156621502219,-0.00558417828120725,0.0205084167706014,0.0230737240717681,-0.0308288201784858,-0.00559441357424537,-0.0777820244978885,-0.0189590425951173,0.020621354225223,-0.0167901872686523,0.00964018841832335,-0.0217152839610147,-0.0753883895748216,-0.00169954384338386,-0.00867186826360901,1.0744473138816,-0.0292161930951154,0.0215441428115208,-0.016330238700816,-0.0437289469540063,-0.127565466312929,0.0501344219685367,0.0126796813010616,0.0321449245733783,0.0387409118845904,0.0274148544942142,0.0525268212569711,-0.0303081968207606,-0.00374288684404216,-0.0183861620962733,0.00865838599843481,0.0408256075873895,-0.00517156932023026,0.00213221459509647,-0.0158430423210007,0.0267007038629748,0.0466193226046464,-0.0468988761411151,0.0177607197077989,-0.0861308862697432,0.021797860038675,0.0215138850893365,-0.0337243495269924,0.00433054007077579,0.0288316311545747,-0.073334329847728,0.0637494374947311,0.112677534989858,0.0157295355169848,-0.0239019106356419,-0.0316592990287959,-0.00302327106623184,-0.0442623564697492,0.0391097999339227,0.00380406887943371,-0.0325098433335886,-0.0706430400058231
"LDLC",0.0151327430774278,0.011100436545248,-0.0197331668578799,0.0123571499808731,0.0439704634373981,0.00947674983384814,-0.0133551573898453,-0.000937638369130776,0.0381360266717969,0.00673330204995582,0.00925753342607083,0.00713198209633317,-0.00174474224553177,-0.0130898267445066,-0.0460169081893906,0.0345764258820868,-0.042128076253758,-0.0100325132418136,0.0198563990448726,-0.0483088779832432,-0.016550169359913,0.027025371881423,-0.0557482145246308,-0.0554969183917947,-0.00348343896832544,-0.023907058487299,-0.0292161930951154,1.08944348482188,0.00614518721227426,0.0263508168296517,0.029817250983325,-0.00301961589296848,0.0112536155759211,-0.113004356731929,0.0974878833507659,0.0463073062067229,0.0200718093010243,-0.0998045729489868,-0.0179411472884937,-0.0871415744407072,0.0253223858184017,-0.0091446065876081,0.0252985164673908,0.0177916728445114,-0.00102989715246979,0.022441219222123,0.0337596431900973,0.0487535048434698,-0.0519848662020113,0.0130954040187316,0.00950067595056225,0.0475306302060378,-0.00528233306604821,0.0223977035441822,-0.0669175892060048,-0.0430881454054708,0.00254969806712559,-0.0905470646264464,-0.175612542426734,-0.0223312909978045,-0.0144381872046925,-0.000218907822845941,0.154344009029032,0.0121188757500572,-0.058710152644315,0.0122244399969363,0.0856600439085725,0.167208212210844
"HDLC",0.00467256143878435,-0.0217492362498477,-0.0232741553637071,0.0309152013595498,0.0115264087812665,-0.0116989575361988,-0.0677078848217845,-0.00401839686474872,0.0119218661670706,0.00449820052131364,0.0186271819777016,0.00814567366549992,0.0106735548342289,-0.0227888017478497,-0.00298531950804995,0.0515098098080829,-0.107853759772934,-0.0193731510246201,0.00909325683388808,0.0255154291158235,-0.0442972838928205,-0.00226043062843811,-0.00928914970031354,0.00102726615226991,-0.0326398035222602,0.00790726206438461,0.0215441428115208,0.00614518721227426,1.04726297920816,0.0198926905634123,-0.00274987970044014,-0.0351652230365093,0.0141870947958554,0.0129365306093046,-0.0473503712025275,0.0561685202295931,-0.0138328771365208,0.0307568606421361,-0.0125444073842784,0.0147098872796022,0.0201513530118006,0.0156519661382836,0.0294992180377228,-0.143045278918763,0.00448117316984564,0.00174510987280815,0.0238445160027259,0.00797613434379253,0.0426480981465262,0.0168714728439271,-0.00712951879825304,0.023955583458619,0.00712021275978643,0.040016410470123,-0.000877064504985127,0.0127578130757773,-0.00419766599176809,-0.0460872649874818,0.00764349043154145,0.0010294306745378,-0.0253374079922486,-0.0379919035118527,0.0163104908548172,-0.018683423714945,0.000595558101447464,0.0023945876942767,-0.0433071627276237,0.0465477478769181
"随机血糖",0.108463157050491,0.00336576376294488,-0.0295057997459442,-0.340680696310854,0.0281619765042962,0.00345927989162271,-0.009093509081436,0.0152063350875514,0.00938246393814537,-0.00266988491037525,-0.0103435095578969,0.0385945899994191,0.0157363266391899,0.00260924885520807,-0.0689255588517129,0.0754477269206264,0.00450346588026419,-0.0318646390996135,-0.014824786900598,0.0227064802837611,0.0482835897075839,0.0257487907812037,-0.0742440300076422,-0.0595385220094975,-0.0612810460637001,0.000141059532590773,-0.0163302387008161,0.0263508168296517,0.0198926905634123,1.18914969769366,0.102625561117006,-0.0370835062627142,0.0244535329561635,-0.0324593857930487,0.0923738659320187,-0.0579404862455525,0.0442910015521941,0.0305625658062516,-0.0316608772027119,-0.0223001451503847,0.010498039533514,-0.00894383247926515,0.0102961265746764,-0.0056031245732046,0.00281533523825263,0.0321829321659898,0.0677908050499181,-0.0115455123411124,-0.0288922720096148,-0.0122647793821534,-0.0521486235021026,0.0282354688413238,0.00533210674222915,0.078591771273033,0.0412226887031456,-0.00140207487508324,0.0731985659534593,-0.0211593470058263,0.000128259573971268,-0.0253619651919313,0.0491862386717695,-0.084254165108195,0.0234484520140888,-0.05264566439629,-0.0118248368413667,-4.92822991171119e-05,0.088861657277485,-0.21494005736498
"LPa",0.0951245095338602,0.00280398583241009,0.0457492974638164,-0.0394996227661407,0.0313582334397759,-0.0119987119841865,0.00602959737927443,0.00933531428440931,0.0115428732517998,0.0127897972588735,0.0236934165287697,0.0157102243032097,0.00435020725529366,-0.0263719618358884,-0.0576553643592929,0.0928270758763014,-0.0758969047127567,-0.0332334173734038,0.0184247930469834,0.0151247397457736,0.0253014035888146,-0.000363173636349403,0.0408518601103795,-0.153280914096695,0.0642726340563769,-0.109216778946453,-0.0437289469540063,0.029817250983325,-0.00274987970044013,0.102625561117006,1.10374684526134,0.0577676370205683,0.00836480349862805,-0.00671940905436245,0.0169139583202339,0.0219927384307821,0.0308671519085066,-0.0443835225026668,-0.0128963243370792,0.0250238892642491,0.0393738261953415,-0.00588320650392957,-0.0583431827583219,0.0461682603457658,0.0143038089596061,-0.00681576033069777,-0.0328802549899109,-0.0702111093603469,-0.106531661834244,-0.0226371828549868,-0.0844039012720249,0.0102262527804546,-0.00785605483108164,-0.00296198451824927,-0.0272338775665873,0.0460428438001323,0.0151839837684982,-0.0207316555245611,-0.073704047328046,-0.0968505145525688,-0.0320883933345837,-0.040134805312187,0.0160098226530508,-0.011152392602101,0.0201808546911719,0.0109144558344298,0.0174353792384699,0.053210623775743
"高敏C反应蛋白",0.104416683844712,-0.0839677121957787,-0.0569806500373652,-0.0349202857025238,0.0007749459163026,0.0618680584617575,0.013967591664348,-0.00343926694274293,0.00678362868644754,0.0108481589178394,-0.0523424987905636,-0.0258332692392521,-0.0134785428596508,-0.0132094005983198,0.044917083902305,0.0182588866569668,-0.0158940564369838,-0.0699903044953973,0.0462284124037401,0.0548897601522195,-0.0879370686077073,-0.117194387180132,-0.102249438808535,0.0999512644666076,-0.125281623138208,0.0115250661536529,-0.127565466312929,-0.00301961589296846,-0.0351652230365093,-0.0370835062627142,0.0577676370205684,1.26868703432914,0.00385957467548614,-0.0848717217587757,-0.214715006827987,0.0983062301951175,0.0074314563309254,-0.091720549729534,0.0128930017330161,0.0573598159363026,0.00694052803894506,-0.00905914072762704,-0.140101717023876,0.0179554754602109,-0.00948275619469968,-0.113802112609785,-0.0368000386410933,-0.131959647676398,-0.177658425613615,-0.0108273309089589,-0.0202418665817848,-0.0153715223583478,-0.121368008732121,-0.0535363141787129,-0.125563942167931,0.0532003073465607,0.128886649897564,-0.0812503637702681,-0.182229910595371,-0.167468498348388,0.0257301492248834,0.0785017840491812,-0.00354303614488957,0.0151100212244872,-0.0620175203244845,0.0400057432666758,-0.0193323711956015,0.112483645885828
"BNP",0.0166046271120958,0.0163377685747597,-0.0522367609963099,0.00205398966625449,-0.0167019931127155,0.0392822152585805,0.025763716155829,-0.00347133946514115,0.0715455845246489,0.0121397091120993,-0.14923644123847,0.0675435376963411,0.06166181907742,-0.00418782756059906,-0.0359248465817063,-0.0186184093147379,0.0163834373910973,0.0101511919460335,-0.0531479829043102,-0.00280298607105266,0.00763042204609371,0.0445329908080506,-0.004921426015884,0.0483587117775358,-0.00883315046736305,0.0176040949190548,0.0501344219685368,0.0112536155759211,0.0141870947958554,0.0244535329561635,0.00836480349862805,0.00385957467548616,1.1039757724404,-0.0116668127661926,-0.00202688470806793,0.109763227075687,0.0918740833826376,0.0087714134130866,0.0120240144053516,-0.107631157562743,0.0121596447610321,-0.00595885092770039,0.0382585236692882,-0.0419159508855318,-0.0130982584478562,0.0146299386771832,0.0639167663039469,0.00762225887564049,-0.0517562162957525,0.00689671790763971,0.0105620407719932,-0.0758753579891695,0.000311105207507619,0.0505765856629208,-0.105283596156185,0.0846535907826999,0.136695734318388,-0.0355740846703861,0.0162116873199593,-0.111404042553297,-0.0427303177890425,0.0268554628640876,-0.00906871874126571,0.0321396655212497,0.0616132821690503,-0.000437877601983351,-0.0396288298606102,-0.0949689029848718
"TNI",-0.0442608924542473,-0.0639699964254848,0.0651339200262896,-0.0197866963987256,0.00862603532953136,-0.164644097843922,-0.0627590835127927,0.120457750176863,-0.100344982826021,-0.00227509457437165,0.0316954547612027,0.0165837784775475,0.0339008467895283,-0.0377163831932493,0.0532546125355516,0.0567115860141883,0.0266706488415093,-0.0504695493609906,0.00399653411795812,-0.0899575425406309,-0.0897845375729047,0.0310997975411857,-0.0216405689281911,-0.0664862802139036,-0.0525186805831252,0.0154951683545827,0.0126796813010616,-0.11300435673193,0.0129365306093046,-0.0324593857930486,-0.00671940905436249,-0.0848717217587757,-0.0116668127661927,1.94220910418604,-0.138175604317861,-1.08979732714585,0.0492862951259101,0.133865905522326,-0.00109223707355046,0.00665081028669237,-0.0286159990008594,-0.0676278800496389,0.017602817966247,0.0403744048801947,0.0406351472923739,-0.316504777800228,-0.0602893327708064,-0.196495309325694,-0.00227307551885124,-0.00799438872975609,0.0736308456462218,0.0298248450110012,0.0233382737492992,0.0125363330228485,0.0436269074812528,0.0396927456190713,0.0113607110295805,-0.0221100208196079,-0.0608802070911567,0.0405081634777058,0.0798772926747059,-0.0561178709181821,0.0796108899581895,0.0127786820398971,0.0508135323649735,-0.0780951687576644,-0.10940551878666,0.184071028507196
"PCI前CK",0.0067161026434348,0.116945900721015,0.0156925527806955,-0.0345183101572615,0.0933725113667265,0.00926090799959525,-0.0170346261612164,0.0330733049781441,0.0606463778320771,0.00751573114342309,0.00336630038528753,0.0608955017462312,0.00649703517053944,-0.00737185233184689,0.00932340536617425,-0.0319094296260012,0.0971195267461572,0.0734371423849149,0.0392856610942053,0.0561122269282493,0.151538255054255,0.0347072137352199,0.0400988033546432,-0.0742351526845443,-0.12909629737149,-0.0821089315639761,0.0321449245733783,0.097487883350766,-0.0473503712025275,0.0923738659320188,0.0169139583202339,-0.214715006827987,-0.00202688470806793,-0.138175604317862,1.44047017597618,-0.578278473266461,-0.090232145122476,-0.0733733122537021,0.0145408162434836,-0.0999200980009174,0.129675951905046,-0.0149468331731775,-0.0262923468422916,0.00985093376461412,0.0717496862001866,0.182473236796568,-0.0367319375061577,0.0852512343980704,0.0327957461505376,-0.0349346721173211,0.0465692816842893,-0.00323330760979601,-0.00347703414946735,0.0352142405059873,-0.0272345326376277,0.0630691655827516,-0.109062003146135,0.0467040500748595,-0.0484651588624708,0.0808465971044467,-0.0332367132909268,0.00215179070888615,-0.0147267289668797,-0.0331397578095682,0.123085304032627,-0.00689109160720791,-0.0298344861594808,0.12271611409802
"PCI前CKMB",0.0629716587161934,-0.07183530218647,-0.0788782220936563,0.170273641206291,-0.0780744508022195,0.12949739358008,0.058316883351214,-0.184339871265326,0.0655324365858563,0.0419118230668138,-0.00526629256778515,-0.106874585760803,0.0656477239533715,-0.00387398215969987,-0.00253070937605993,0.0183167703073217,-0.0295329479959238,-0.0492856188760919,-0.0108370661136923,-0.0455617478970424,-0.139649380388628,-0.100709090458444,-0.00453755471314445,0.0982720155843596,0.140693309008774,0.0307876642022628,0.0387409118845905,0.0463073062067229,0.056168520229593,-0.0579404862455525,0.0219927384307821,0.0983062301951175,0.109763227075687,-1.08979732714585,-0.578278473266461,2.18422782324517,-0.0270524236720978,-0.0241102222316799,-0.00686742607615003,-0.00391950899336348,-0.106523251169764,0.0200510393108829,-0.0177899538694279,-0.0448293587799545,-0.0977837223793393,-0.170506476605058,0.134228552407377,0.108811161941084,0.0959558084813453,0.048741310232054,-0.0149417144340789,0.061326400712197,0.011271510869925,0.0148488695056249,-0.129625351253314,0.00361172891982379,0.181445495782713,0.0759789286896154,0.0047056015593198,-0.166104923157482,-0.102557354684201,0.0689388264254185,-0.0674259411708527,0.0103620412020076,-0.132735930784214,0.0366268129726601,0.00618109813279122,-0.189340432797899
"PCI前阿司匹林",0.0852441735832694,0.122526316843678,-0.209309415625454,-0.0778086100842709,0.0195327881132379,-0.0317130270714413,0.0687866711146345,-0.000332791155544905,0.0863155109934369,0.0116097404370002,-0.136751603889572,-0.0786512835111516,0.178124340466606,-0.0112890843258891,-0.00731324946173431,0.112690336183427,-0.351143278019907,-0.0630387717787765,-0.00910922393785406,-0.440144985788529,-0.0399578653389146,0.0849835605328324,-0.0649201590615096,-0.287809772195948,-0.102966350920752,-0.0181745561068983,0.0274148544942142,0.0200718093010243,-0.0138328771365208,0.0442910015521941,0.0308671519085066,0.00743145633092539,0.0918740833826375,0.0492862951259101,-0.090232145122476,-0.0270524236720978,1.72849410851514,0.0683190170331446,-0.140448903660842,0.0763487783750624,0.0166245790563043,-0.00486709849978343,-0.00556559485653525,0.082826627181755,-0.051365604949226,0.0272228293803907,0.139010828621226,-0.00743928816234335,-0.423092078026371,0.244348386285512,-0.0389363617676869,-0.0490563689771218,-0.0142420708049106,0.12330676746284,0.315949630854048,-0.0678913573460707,-0.0442853601923886,-0.0943276152391843,-0.00976404921497538,-0.346002695239367,0.0217478032483074,0.0781654007357304,0.128339180733935,-0.103793857431118,0.121362808843591,-0.119886819908773,-0.0308079682477179,0.058635197095424
"PCI前低分子肝素",-0.0382994630434192,-0.0591525194672722,-0.0148474794541963,0.0171755514206605,0.0425412523782823,0.00872081465133895,-0.00405968840677672,-0.0548297448311793,-0.0523485211472151,0.0307668995411736,-0.0410238098914711,0.0172168508033456,0.0458127745369716,-0.0267912953233664,0.0119944004821309,-0.0188619339100747,0.0180948480727992,-0.00770799281137899,-0.0783610912693826,0.0366894970148748,0.0142127203633343,-0.056026791485843,0.0524538999040719,-0.0642503310982486,-0.0732471788931457,0.020139275000465,0.0525268212569711,-0.0998045729489868,0.0307568606421361,0.0305625658062516,-0.0443835225026668,-0.0917205497295341,0.00877141341308662,0.133865905522326,-0.0733733122537021,-0.0241102222316799,0.0683190170331446,1.46608929995275,0.201361820949176,-0.012933731364427,-0.181801194972408,-0.0241384063021916,-0.059885373975958,-0.10213933111939,0.0503074850451316,-0.0487410993045317,-0.305784973811252,-0.0437158418050689,-0.299761499556288,0.0236512090916278,0.0136792859937609,-0.0439256744362286,0.0572863046592567,0.0214171119355769,0.0246226587032174,0.0263041476454615,0.00364719258028782,0.0494291495679762,-0.00634557004137754,0.0950881174158865,0.0539712759390138,-0.03445631274779,-0.018528823072487,-0.0226878359912354,-0.00303256075414429,-0.020932109001045,-0.0754466216153605,0.0534480223937169
"PCI前ADP拮抗剂",-0.0180714491517819,-0.0289068969051607,0.0685689959493656,-0.0355264362766079,0.0273175448993697,-0.0148955715093344,-0.0454501968318031,-0.0281178718747131,-0.00053015251319342,0.0534606177309192,0.0397877484599558,-0.0313471298596506,-0.0341454384514982,0.0261626628468059,-0.00619013892021282,-0.0192166032424888,0.0591827614248484,0.0432034653052457,0.000699308313585155,-0.0609886997412666,-0.0159119117293111,-0.0571563283554703,-0.0300263510526423,-0.0691265357757675,-0.066496964220254,-0.00216649389445628,-0.0303081968207606,-0.0179411472884937,-0.0125444073842783,-0.0316608772027119,-0.0128963243370792,0.0128930017330161,0.0120240144053515,-0.00109223707355045,0.0145408162434836,-0.00686742607615001,-0.140448903660842,0.201361820949176,1.12135010667427,-0.0274036908300434,0.0156823185085852,0.00498955744991491,0.00353908208420311,-0.0226507125463524,0.0979968783420849,-0.0411446874141339,-0.136412639809063,-0.0250825127174632,0.0394554855770225,-0.0574467622612642,-0.0672752428010245,0.00355289659456624,0.104181849414729,-0.00846525137911769,0.0126505137144288,-0.0178454356392164,-0.0322522347407134,-0.00863169030080433,-0.0985358775325337,0.0925020132199852,-0.0540367218025191,0.0435583593733795,0.0156841518446423,-0.00953220805635856,0.0107178440827139,-0.00629604134032366,-0.0522196265901784,0.0874543938069696
"PCI前2b3a拮抗剂",-0.0477971719737807,0.0169142501780775,0.0482893138857998,0.00355564151585886,-0.0387757863303434,0.0822778977925612,0.0803399281463291,0.0207387007036864,-0.0476688209457919,-0.0392749601800395,-0.00345143308228027,-0.0677924611946979,-0.00147826160638791,-0.0131582427325358,-0.0550530746748291,0.0867182123543833,-0.0985082971972193,-0.0885248139853977,0.0162047749606375,-0.0505680827678993,-0.0802570824228198,0.00530061194150151,0.00128923105100577,-0.0176960336384332,-0.00400190968465301,0.0227587713759839,-0.00374288684404216,-0.0871415744407071,0.0147098872796022,-0.0223001451503847,0.0250238892642491,0.0573598159363026,-0.107631157562743,0.00665081028669235,-0.0999200980009174,-0.00391950899336351,0.0763487783750623,-0.012933731364427,-0.0274036908300434,1.15303904938431,0.00668856324588877,-0.000253056394614082,-0.154478130576239,-0.00856184309981943,0.0414600750894509,0.0919832099398938,0.12170761676277,-0.0188942388368513,-0.0507449741600599,-0.0066832757969308,-0.0270591349780195,0.025272609038709,-0.0147896221032819,-0.00836328550695106,0.00048817660186171,0.0108830141952039,0.0541526470077478,0.0388635888727785,-0.0134465585565352,0.0745797217476057,-0.0259604960891785,0.0555282245466632,-0.00665496458514725,0.0227765449862129,0.0269929189764184,-0.045344100790205,-0.0274881005832286,0.0618930212633486
"PCI前ACEI",0.047476184359144,-0.00976608108139803,-0.0026710440876947,-0.0649921954508249,-0.0352836025127994,0.00100820921930283,-0.0473075567686279,0.0909385008779069,-0.0473008974886391,-0.0107230389889349,-0.00535764368126345,0.0258554914715593,-0.0110878285783989,0.0323897664023552,-0.00113117760666954,-0.0438938934530605,0.0048898941342464,0.0548547074046839,-0.00107979536767036,0.0567909407614819,0.036903411639328,0.0119333734935858,-0.0169588578063484,0.0262436562903902,-0.104638571712857,-0.0154165169679619,-0.0183861620962733,0.0253223858184017,0.0201513530118006,0.010498039533514,0.0393738261953415,0.00694052803894505,0.0121596447610321,-0.0286159990008594,0.129675951905046,-0.106523251169764,0.0166245790563043,-0.181801194972408,0.0156823185085852,0.00668856324588877,1.56127888799961,0.172048881581642,-0.00148171585991956,-0.329909671229826,-0.0578234171073282,0.103156026667694,-0.549967972485029,-0.0186580686667576,-0.114389721196359,-0.0618894358626095,0.0252228316062478,-0.0356324830154298,-0.00215103137227255,0.0154377690695592,0.0262781258185799,-0.0124434194376658,-0.0243474909950602,0.065212289372212,-0.118159077620549,-0.0503280409586508,0.0170753089013971,0.078125294500266,-0.0489642815710283,0.0257983219403912,0.0395008541955126,0.00611228380498993,0.0300740947934535,0.0837894358056562
"PCI前ARB",0.00231686455849401,0.00146530493276455,0.000159998054631732,0.0281796910362891,0.0511878089424313,-0.0210214400521862,0.0104646722036601,-0.0781808236601159,-0.0775928169007668,0.0684660255970663,-0.0692022922177826,0.00466538457166247,-0.103847611306061,0.030884372896844,0.0123923515703122,-0.0142854949811189,-0.0149407544905916,0.0114257851525033,-0.0645648208203366,0.0621362442640907,0.0100881863306333,-0.0171997811466146,-0.0328260535651465,-6.7451910654052e-05,0.00853562251224475,0.0118573736426629,0.00865838599843482,-0.0091446065876081,0.0156519661382836,-0.00894383247926515,-0.00588320650392957,-0.00905914072762703,-0.00595885092770039,-0.067627880049639,-0.0149468331731775,0.0200510393108829,-0.00486709849978343,-0.0241384063021916,0.00498955744991489,-0.000253056394614084,0.172048881581642,1.13718912543427,0.00821311517875355,-0.197867855530766,0.0356205556724914,0.019419637315376,-0.201764230462752,-0.0077065196160222,0.0966391459719984,0.0814391299279863,-0.0799877166268585,-0.0112240552806342,0.00151462594957219,-0.000746803134747735,0.101072015453904,-0.0258149294295548,-0.0156483242005724,-0.00190827701944035,-0.00248107067277387,0.00967482717137761,-0.0475304156013226,0.0745843422670355,-0.0287202232983949,-0.0525935200443331,0.00918923267861323,-0.000314193177842036,-0.00507309780844483,-0.0425627839066302
"PCI前硝酸酯",-0.00201382016074705,0.0282950357597684,-0.0423747709461918,-0.00867488322344754,-0.0775311011510736,0.0165093805837243,-0.0168799634173958,0.0196411963971446,0.0135034962994656,-0.0275096613003565,-0.0143380987068202,0.00861521694178375,-0.00936670478066018,0.126170577921976,-0.099396312802882,-0.053366489895115,0.0549434778370924,0.107141073433851,-0.00509556459677285,-0.0500826838969024,-0.00313765450566226,0.00866173855122663,-0.0031537484310081,0.0199094733491385,0.00151675390676309,0.0303468553944913,0.0408256075873895,0.0252985164673908,0.0294992180377228,0.0102961265746764,-0.0583431827583219,-0.140101717023876,0.0382585236692882,0.0176028179662469,-0.0262923468422916,-0.0177899538694278,-0.00556559485653529,-0.059885373975958,0.00353908208420311,-0.154478130576239,-0.00148171585991961,0.00821311517875354,1.20866781758984,-0.00669916837570685,-0.142642867464332,0.0305513816778893,0.143914035469337,0.1313640048047,0.101421147255815,0.0675199367286297,0.0809054452553837,0.0426746277681411,0.0485685400720219,0.0241205826665608,-0.0667147821242137,-0.00767429745055451,0.0319521937217914,0.140326792883159,0.0232242884762466,0.0771984521081839,-0.0713875037788617,-0.0436384155595612,0.036767806114911,-0.053420952469843,0.0065493639559526,-0.0217373007026073,-0.00333656974120168,-0.122265379626597
"PCI前β阻滞剂",-0.0129147299311893,0.0547302072181426,0.0232157827255916,-0.025214167025942,0.0626771144264883,0.0775191031046742,0.0470260851475238,-0.00173652577919602,-0.0120054381093594,-0.0142507778207148,0.0446185410353718,0.014319387326744,-0.0090342130873262,-0.045418156438353,-0.000731465713653315,-0.0508805572532475,0.0389999254877616,-0.0285040397696752,-0.0127972327820444,-0.119195183206359,-0.00634983572066646,0.0409105127703187,-0.00568299162500209,-0.0577237452176305,0.0797170244677228,-0.00395244264155946,-0.00517156932023026,0.0177916728445114,-0.143045278918762,-0.00560312457320461,0.0461682603457658,0.0179554754602109,-0.0419159508855318,0.0403744048801948,0.00985093376461414,-0.0448293587799545,0.082826627181755,-0.10213933111939,-0.0226507125463524,-0.00856184309981943,-0.329909671229826,-0.197867855530766,-0.00669916837570687,1.37397775426744,-0.11670653842474,0.007087246949108,-0.212952724268655,0.0380748089161456,-0.154137554996503,-0.00396667994050737,0.0210720919405313,0.0290093670176732,-0.0137335152394882,-0.0313788251759753,-0.0457312766689677,0.043552749754023,-0.0388888517972483,0.00176062025978701,-0.0171957500239144,0.0355669679498847,-0.0150056080639009,0.0217848940717602,0.0154660887207716,0.0147841932006716,0.0150238916398659,0.0235878909958276,-0.0463624258630856,0.054415576878164
"PCI前钙拮抗剂",0.0497908010133836,0.0306797017671165,0.0320958758556285,0.0180237219970026,0.0976754555629162,0.0106076658564911,0.00953642124783475,0.0220689194192318,-0.0724950685337481,0.00703837911546875,0.0321118528903806,-0.0592727878850058,-0.00873289898212986,-0.0575443771113153,0.0491304023169325,-0.0165848990841583,0.0462186709871241,-0.021496052315675,-0.0342762091143142,-0.00328512707850516,-0.0066871667310682,-0.0029379093096714,-0.0329584565169224,-0.051402627006561,0.0341006160178448,-0.000695289669684469,0.00213221459509647,-0.00102989715246979,0.00448117316984565,0.00281533523825263,0.0143038089596061,-0.00948275619469968,-0.0130982584478562,0.0406351472923739,0.0717496862001866,-0.0977837223793393,-0.051365604949226,0.0503074850451316,0.097996878342085,0.0414600750894509,-0.0578234171073282,0.0356205556724914,-0.142642867464332,-0.11670653842474,1.09388582422101,0.0101369270222681,-0.0874395299098483,0.00773110018685926,0.0705103086690508,-0.0467993469563651,-0.0592254356558755,0.0510140209045076,0.00503782016988041,0.0240590911207206,-0.00816078362466881,3.34785899487449e-05,-0.0546223028378993,-0.0350937674152934,-0.0267886360616729,0.0785713314228907,-0.0275833863839874,0.0261157115154662,0.0205398199689882,0.00318562761576676,-0.0220315709668865,-0.00252468559968313,-0.00931451533296326,0.0562652740479709
"PCI前溶栓",-0.0193042756644992,0.0233138581139555,-0.072943881561891,0.00879437174274077,-0.0400303137467352,0.0176667702173794,0.0187427950752028,0.0285428798421486,0.0656387161902881,-0.0321747765192291,0.0244800678756273,-0.030556741804474,-0.0741052867582672,0.0167822891907154,-0.0719975330101983,-0.0585986865408258,0.0128044254526694,0.0438154881894564,0.081684997399689,0.0211084117992423,0.00484723958910473,-0.0156591707312446,-0.000847666389440491,0.0253279879070677,-0.0325013787967343,-0.0258043146160095,-0.0158430423210007,0.022441219222123,0.00174510987280815,0.0321829321659898,-0.00681576033069777,-0.113802112609785,0.0146299386771832,-0.316504777800228,0.182473236796568,-0.170506476605058,0.0272228293803907,-0.0487410993045317,-0.0411446874141339,0.0919832099398938,0.103156026667694,0.019419637315376,0.0305513816778893,0.00708724694910799,0.0101369270222681,1.21298254379036,-0.0258666210783622,0.030363333915288,-0.0670309331043539,0.00161732082679081,0.0409556817684482,0.0206449103343419,0.00900161028539762,0.0154934506358606,0.0683826351540913,-0.0245862975767026,-0.0351680246271114,0.0337973250158252,0.0385355059238369,0.0905120512730115,0.0188358595783009,-0.039419302429188,-0.0636676241571476,0.0268642170011167,-0.00997176503895121,0.00478031761859809,0.048328733923596,-0.0881223162222095
"PCI前他汀",-0.0278955800317278,-0.0428013054856521,-0.0128117281992609,0.0344921517723271,-0.0714257801474452,-0.0730590926074794,0.0861654572419446,0.0259468243345493,-0.0257731112623995,0.0231738258281647,0.0306699685914474,-0.0644961916637235,0.000403420417604312,0.0484418328571589,-0.0334909653988382,0.0898726688218199,-0.0224803525239285,0.00998445180572937,-0.0125763927014312,0.100800557541339,-0.0343080614104192,0.0440028235580241,-0.0238573700576763,-0.0455660836341982,-0.0636486607592609,0.0070674556750429,0.0267007038629748,0.0337596431900973,0.0238445160027259,0.0677908050499181,-0.0328802549899108,-0.0368000386410933,0.0639167663039469,-0.0602893327708064,-0.0367319375061577,0.134228552407377,0.139010828621226,-0.305784973811252,-0.136412639809063,0.12170761676277,-0.549967972485029,-0.201764230462752,0.143914035469337,-0.212952724268655,-0.0874395299098483,-0.0258666210783622,1.81113274159715,0.0462855622911415,-0.419941486153516,0.0399760891503237,-0.0500301031255976,0.0935318359965877,-0.00920973127040411,0.0543202786177073,0.0403509288223096,0.00826745833813923,0.082012066597266,0.0435635767255627,0.0865628932401374,-0.0439349216250123,-0.0303746493409471,0.0274399756703455,0.0119027119622231,0.0199386502577424,-0.00264462701565648,0.00724446217002189,0.043350955682988,-0.0798330843175641
"IABP",-0.0776042217423139,0.0538775743893301,0.0665444776624539,-0.00367032468634715,-0.00769243499625626,0.0526466654698318,0.0300884534322572,-0.0203191491393235,0.00103427640243668,0.00711921026443872,0.0128641057944467,0.0149266654379981,-0.0327076219143263,-0.00800195149682742,-0.0372704886263809,-0.00459427915508613,0.078624739971699,-0.0531626595452843,-0.055907279434389,-0.179187082681366,-0.0315755299004247,-0.0269932195045361,0.0379965100172321,0.102658602709858,0.0337439419495829,-0.00702177217718889,0.0466193226046464,0.0487535048434698,0.00797613434379252,-0.0115455123411123,-0.0702111093603469,-0.131959647676398,0.0076222588756405,-0.196495309325694,0.0852512343980704,0.108811161941084,-0.00743928816234332,-0.0437158418050689,-0.0250825127174632,-0.0188942388368514,-0.0186580686667577,-0.00770651961602219,0.1313640048047,0.0380748089161456,0.00773110018685925,0.030363333915288,0.0462855622911415,1.26622518761526,0.0377901494801153,-0.0956047776056609,0.0399309064135095,0.0664583423620514,0.00236233112547772,0.034619631321538,-0.0479564323019658,-0.0506841593985672,-0.0470873598078011,-0.135096029307627,0.112187158237421,-0.0331299431305463,0.00942046099376522,0.0271190218063576,0.0245784224090265,0.0184694503798824,0.0068105949955124,-0.0668963572942666,0.0414037487881233,-0.279388381811703
"症状到PCI时间",0.0229985032469531,0.0137018416881307,-0.0450791681841482,-0.000712861683772585,0.0324394131574575,-0.0306242519182985,-0.0365908280337834,-0.0226208163627397,0.0257678998624389,0.0374641026514111,0.0646678178204043,-0.0244821221693187,0.0442326713074208,-0.017118298171217,0.0517368320673583,-0.0396831195173769,0.0185490260601888,0.0291170516727006,-0.149074735678763,-0.0227682059704635,0.0089403734647299,0.0127512705389966,0.00912293648419851,0.128522250444916,0.0719436538135503,0.0235674232940767,-0.0468988761411151,-0.0519848662020112,0.0426480981465261,-0.0288922720096148,-0.106531661834244,-0.177658425613615,-0.0517562162957525,-0.00227307551885126,0.0327957461505376,0.0959558084813453,-0.423092078026371,-0.299761499556288,0.0394554855770225,-0.0507449741600599,-0.114389721196359,0.0966391459719983,0.101421147255815,-0.154137554996503,0.0705103086690507,-0.0670309331043538,-0.419941486153515,0.0377901494801153,1.6596816787127,0.0716727137211325,0.0834157531292074,-0.00410018682509063,0.0662832469694846,-0.0458953418108019,0.0978120915714523,-0.0658006938440331,-0.0230849296901699,0.0847618850368515,0.0315694166311173,0.232915545099011,-0.0353625769630521,-0.0442584017635262,0.0450386777130321,-0.000635156213556208,0.0218733898413471,-0.0201263857162474,-0.0102195895428013,-0.111464236880877
"病变支数",0.0575325484033355,-0.0254697313314902,-0.0722602120428943,-0.0930351787631382,-0.0636512035340478,-0.0677615220064789,0.0305640756744242,-0.0644515516699915,-0.0313828613461763,0.0661152478979635,0.0129163004583414,-0.0269357245719395,-0.0309855960360802,-0.0146866701077434,-0.00674585576251472,-0.0828606581739383,0.0276521347744032,0.0338705973200381,-0.0280175079727269,0.00645019798126691,-0.0240370515036259,-0.0157537618960477,-0.00760759315435963,-0.0715802752416367,-0.0596822986235326,0.00740752249709606,0.0177607197077989,0.0130954040187316,0.0168714728439271,-0.0122647793821534,-0.0226371828549868,-0.0108273309089589,0.0068967179076397,-0.00799438872975608,-0.0349346721173211,0.048741310232054,0.244348386285512,0.0236512090916278,-0.0574467622612642,-0.00668327579693079,-0.0618894358626095,0.0814391299279863,0.0675199367286297,-0.00396667994050736,-0.0467993469563651,0.00161732082679081,0.0399760891503237,-0.0956047776056609,0.0716727137211325,1.17549396926967,-0.135186035767211,-0.0341410007627041,0.0187261517063204,0.0650587095411239,0.0584798967553616,0.00354928635118271,-0.0293605546990618,-0.0609854087484973,0.127386464028861,-0.000517017075336732,-0.0265831630177629,-0.000349316928094055,0.0472299322486491,-0.126294861068105,0.00368753551339574,-0.0455948845826259,0.00804190506539398,-0.0607211028705763
"罪犯血管",-0.00382507732074497,0.0314058658134234,-0.0445905845714731,-0.041639651945323,-0.0151042954358755,-0.0348392820207667,-0.0521646551368539,-0.0032529709903391,0.030591075393869,-0.0300894165710354,-0.00114410882344826,0.0519252351275153,0.0138527607809536,-0.0387898518123597,0.026674728441485,0.0602403492795342,0.0340525652180569,-0.013186702801768,-0.00578717098243636,0.0420820226114074,-0.0201190536835186,0.0615621502201573,0.0932480935308904,0.1207094758814,-0.0406558704803042,-0.0744940187366906,-0.0861308862697431,0.00950067595056229,-0.00712951879825305,-0.0521486235021026,-0.084403901272025,-0.0202418665817848,0.0105620407719932,0.0736308456462217,0.0465692816842893,-0.0149417144340789,-0.0389363617676869,0.0136792859937609,-0.0672752428010245,-0.0270591349780195,0.0252228316062478,-0.0799877166268584,0.0809054452553836,0.0210720919405313,-0.0592254356558755,0.0409556817684482,-0.0500301031255976,0.0399309064135095,0.0834157531292074,-0.135186035767211,1.26226800189025,-0.325719806048378,0.0178788773338919,0.0147875904130953,-0.198842831185536,-0.0288406345020125,-0.00294278235011364,0.0633206645073298,0.0358116091971351,-0.0550007434561804,0.0223576153981253,0.0411792695327545,-0.126177677985124,-0.0553062091999073,-0.0588807857506535,-0.0428162006837769,0.110727825464738,0.0754952402164244
"病变位置",0.0798050911995958,0.0135334915564561,-0.0753986148703861,-0.0204723634858516,0.0071077669352498,0.0286355555555009,-0.000430273188587476,0.0304677316050467,-0.0874317338336669,-0.0537404639273346,0.0612929613415882,-0.0413564689898141,0.00673408389322678,-0.00156576644526465,0.0243816668429559,0.00819550034091165,-0.0252113695579624,0.00225898799388927,0.0399960648797724,0.0542610733414795,0.0826791911842345,-0.0183482983109791,-0.0795654072385284,-0.058155885432652,0.00785883605134729,0.00813595181076993,0.021797860038675,0.0475306302060378,0.023955583458619,0.0282354688413238,0.0102262527804546,-0.0153715223583477,-0.0758753579891695,0.0298248450110012,-0.00323330760979602,0.061326400712197,-0.0490563689771218,-0.0439256744362286,0.00355289659456622,0.025272609038709,-0.0356324830154298,-0.0112240552806342,0.0426746277681411,0.0290093670176731,0.0510140209045076,0.0206449103343419,0.0935318359965877,0.0664583423620514,-0.00410018682509069,-0.0341410007627041,-0.325719806048378,1.20044278238845,-0.000816463966975499,0.00373082223016395,0.0650032784098797,0.0560751895469037,-0.000915511723723073,-0.0073435574208923,-0.0804653492469809,0.124045808318517,0.0199084732586664,0.0185473739076641,0.147064882770851,0.0861265672678108,0.00706740566047003,0.0268448123385744,-0.0364027661439854,0.0684458083218473
"罪犯血管狭窄程度",-0.0104527802537908,-0.0243993735300468,-0.00673708822352361,0.00585827763092722,-0.00142482396029572,-0.019807818042943,-0.00588811766512829,-0.00856761601437345,-0.0201949147322772,0.0321860848815049,0.0201229850946688,-0.0117563403311268,0.000550444879144232,0.0125091607754339,0.0229901897812727,0.042601139030671,0.00767645471235309,-0.0300157700439725,-0.0102850173706402,0.0493265326474935,0.038666454109875,0.0131840304124669,0.0169845368669056,-0.0218509880506222,-0.0070121374797438,-0.00335925275481211,0.0215138850893365,-0.00528233306604821,0.00712021275978643,0.00533210674222916,-0.00785605483108164,-0.121368008732121,0.000311105207507616,0.0233382737492992,-0.00347703414946736,0.011271510869925,-0.0142420708049105,0.0572863046592567,0.104181849414729,-0.0147896221032819,-0.00215103137227255,0.0015146259495722,0.0485685400720219,-0.0137335152394882,0.00503782016988041,0.0090016102853976,-0.00920973127040412,0.00236233112547773,0.0662832469694847,0.0187261517063204,0.0178788773338919,-0.000816463966975508,1.05687917336384,0.0345576662735284,-0.0158307701842096,0.0120538430393883,-0.1320614829717,0.0909259035721631,0.0276832845478398,-0.0483038252429612,-0.00453265625068152,-0.0420459141376185,0.00545090022256214,-0.00206318456912731,-0.0158009038255282,0.0141383124995639,-0.00527813113121362,0.0378812084771939
"术前TIMI血流",0.0316507088768374,-0.026605750677774,-0.0430957911361829,-0.0289791476482736,-0.0266804958900347,-0.0120935835784875,-0.00915156250058639,-0.0147164143048689,0.0580810443187424,0.0235139565340796,-0.0543619694568951,-0.000263549390127842,-0.0573657859496373,-0.0127779457512254,-0.0053568335791723,0.0422608374624854,0.0085930979046501,0.0232209769056056,-0.0178323636168517,-0.0180835353567816,-0.00333796568158415,0.0336144452356284,-0.0567826618468296,-0.0313887266977571,0.0256792091524048,0.0293665594254591,-0.0337243495269924,0.0223977035441822,0.040016410470123,0.078591771273033,-0.00296198451824928,-0.0535363141787129,0.0505765856629208,0.0125363330228485,0.0352142405059873,0.0148488695056249,0.12330676746284,0.0214171119355769,-0.00846525137911769,-0.00836328550695106,0.0154377690695592,-0.000746803134747744,0.0241205826665608,-0.0313788251759753,0.0240590911207206,0.0154934506358606,0.0543202786177073,0.034619631321538,-0.0458953418108019,0.0650587095411238,0.0147875904130953,0.00373082223016394,0.0345576662735284,1.08493074649038,0.0535399675156957,-0.0341271222488996,0.00819977104817095,-0.00347219357760452,0.0299235438773604,0.00401056614319223,0.0558759385425149,0.000571975501541878,-0.0168259957282892,0.039283251796176,0.0321722318031257,-0.0894351878024096,-0.0711829978121657,0.0766762313201731
"罪犯血管血栓数量",0.0467322707611603,-0.0106835713253473,-0.0778672670167176,-0.0153144126806978,-0.0589740927475284,-0.0561735195565806,0.0557030416167134,0.0468066590741028,-0.0569920676215022,0.0833648527692434,0.0262943435801398,0.0406987596701573,-0.0558498027586498,-0.00378349651075952,-0.0572944156161675,0.133900295700914,-0.0566234514109268,-0.0426723292171443,-0.0182436364331685,0.101536698813469,-0.0245209216781764,0.00802632535538974,-0.037512295985046,-0.130315672419783,-0.0681347950136528,0.0549087349012192,0.0043305400707758,-0.0669175892060049,-0.000877064504985152,0.0412226887031456,-0.0272338775665873,-0.125563942167931,-0.105283596156185,0.0436269074812528,-0.0272345326376278,-0.129625351253314,0.315949630854048,0.0246226587032174,0.0126505137144288,0.000488176601861711,0.0262781258185798,0.101072015453904,-0.0667147821242136,-0.0457312766689677,-0.00816078362466882,0.0683826351540912,0.0403509288223096,-0.0479564323019658,0.0978120915714523,0.0584798967553616,-0.198842831185536,0.0650032784098796,-0.0158307701842096,0.0535399675156957,1.46606203907021,-0.136563974736517,-0.137054572044483,0.0446623643897038,0.0147700649155296,-0.182989887914323,-0.0132242471441397,0.0370932420649781,0.0810068598928317,-0.0144980379401034,-0.051914204187188,-0.053899245189805,0.00485141960327757,-0.412158616736925
"侧枝循环分级",-0.00757579201888635,0.00158192245447494,-0.012683704154505,0.0136965201188352,-0.0160480924331264,-0.119729996435487,0.0230671160558273,0.0295029650318269,-0.173917454081524,-0.00859728992984709,-0.0349021902538788,0.0490598067000779,0.0133779888937676,-0.0480275866008305,0.0130794703583103,0.0309692537163962,0.00989320208617792,0.0106554196595453,-0.0170715479451231,0.0911539699211418,0.0117202569185241,-0.0257852987682993,-0.0218122451639275,0.0605058621280276,-0.0416028623909754,0.016577049475,0.0288316311545746,-0.0430881454054708,0.0127578130757773,-0.00140207487508326,0.0460428438001323,0.0532003073465607,0.0846535907826998,0.0396927456190713,0.0630691655827516,0.0036117289198238,-0.0678913573460706,0.0263041476454615,-0.0178454356392164,0.0108830141952039,-0.0124434194376658,-0.0258149294295548,-0.00767429745055452,0.043552749754023,3.34785899487449e-05,-0.0245862975767026,0.00826745833813924,-0.0506841593985673,-0.0658006938440331,0.0035492863511827,-0.0288406345020124,0.0560751895469037,0.0120538430393883,-0.0341271222488996,-0.136563974736517,1.14018595821676,0.0545133220322391,-0.0309786019433306,-0.0697453428877333,-0.0244555479537612,-0.0539949418441225,0.0347981618335934,-0.0144135665576508,0.0212829832062931,-0.0094788779489623,0.0437971687375458,-0.0929905723609655,0.207214826788782
"PCI术中2b3a",0.0069375757875788,-0.06117060662198,-0.0638833232315081,0.0249436850663558,-0.0513088955897949,0.053917275268312,0.027467085753262,0.00272846600947948,-0.0146702655781797,0.00320267315105639,0.0227077131381687,0.0730661795653214,0.0804009381854357,-0.0204459003032021,0.094950047209009,0.123338573305462,-0.14957457655836,0.0137046653039799,0.0017155844564527,0.00736152342281185,-0.0819177445390575,-0.114746551035084,-0.112900017695398,0.13043127626854,0.0276552133131477,-0.00444299993882238,-0.0733343298477281,0.0025496980671256,-0.0041976659917681,0.0731985659534592,0.0151839837684982,0.128886649897564,0.136695734318388,0.0113607110295805,-0.109062003146135,0.181445495782713,-0.0442853601923885,0.00364719258028768,-0.0322522347407135,0.0541526470077478,-0.0243474909950602,-0.0156483242005724,0.0319521937217914,-0.0388888517972482,-0.0546223028378993,-0.0351680246271114,0.082012066597266,-0.0470873598078013,-0.0230849296901698,-0.0293605546990617,-0.00294278235011366,-0.000915511723723052,-0.1320614829717,0.00819977104817098,-0.137054572044483,0.054513322032239,2.50912899704715,-0.992132753554607,-0.411932458288924,-0.364438074642425,0.263467636874381,0.0892849562283289,-0.0347781428305493,-0.0596147338096168,-0.0232065135187967,0.0746426872686326,0.11605273442846,-0.562978408770408
"PCI术中硝酸酯",0.00963395703500827,-0.0280899308867912,0.070522413557723,-0.000776720711645436,-0.0101597927346097,-0.0600446307433011,-0.0375200678290709,0.0392874605350852,0.00885571917700863,-0.0404230553595007,-0.0270734745712204,-0.0204616608820228,-0.00377405597395891,0.0430393950323632,0.0584739254815018,-0.113124376122616,0.0816167647178995,0.0109122326086939,-0.000999826693981462,0.150415433042335,0.0508160094563719,0.0854152682033542,0.0683734092909562,-0.0967170830235113,0.0164828965357482,0.012801503179339,0.0637494374947311,-0.0905470646264464,-0.0460872649874819,-0.0211593470058264,-0.0207316555245611,-0.0812503637702681,-0.0355740846703861,-0.0221100208196078,0.0467040500748595,0.0759789286896154,-0.0943276152391845,0.0494291495679762,-0.00863169030080434,0.0388635888727785,0.065212289372212,-0.00190827701944038,0.140326792883159,0.00176062025978702,-0.0350937674152934,0.0337973250158252,0.0435635767255627,-0.135096029307627,0.0847618850368515,-0.0609854087484973,0.0633206645073298,-0.00734355742089232,0.0909259035721631,-0.00347219357760453,0.0446623643897037,-0.0309786019433305,-0.992132753554607,1.87994491138804,0.176177006004275,-0.118315762708146,0.103616015094497,-0.0838730293009187,-0.0279045722144854,0.0418548995244018,0.105281546224762,-0.0532090367687352,0.188498039792663,-0.0441281570421292
"PCI术中钙拮抗剂",0.00550466910397153,-0.0068354167635493,0.0223861933512549,-0.0126488520248854,0.00909684002990079,0.0111522164456612,0.12229014149986,0.0251877031891978,0.00495151193780183,-0.0812290371288795,-0.0478615800077854,-0.0336673573766452,0.011026400870313,-0.0105745270853699,0.020677518503745,0.00874387010110002,0.026350618061311,-0.0146022048579853,-0.0201855366568198,0.0240281021449436,-0.046880071259923,0.002681069885937,0.217320700481552,0.0224450790830457,0.0218154914426187,0.0160426139283311,0.112677534989858,-0.175612542426734,0.00764349043154143,0.000128259573971271,-0.073704047328046,-0.182229910595371,0.0162116873199594,-0.0608802070911566,-0.0484651588624708,0.0047056015593198,-0.00976404921497542,-0.00634557004137755,-0.0985358775325337,-0.0134465585565352,-0.118159077620549,-0.00248107067277388,0.0232242884762466,-0.0171957500239144,-0.026788636061673,0.0385355059238369,0.0865628932401374,0.112187158237421,0.0315694166311173,0.127386464028861,0.0358116091971351,-0.0804653492469809,0.0276832845478398,0.0299235438773604,0.0147700649155294,-0.0697453428877332,-0.411932458288924,0.176177006004276,1.89860780019065,0.0949476256475165,-0.148373746628071,-0.0569814074158855,-0.0470441381248286,-0.0256541737854785,0.00854883218233749,-0.0909070419941679,-0.0128905642756207,-1.11373873930789
"PCI术中血栓抽吸",-0.0725859783144225,-0.0106283394765644,0.0137924162692355,0.0198063011199431,0.0530681443284792,-0.0362256131605465,-0.0536457495384608,-0.0163710450655451,-0.0077503107091839,0.00381293995842787,0.0637041574737255,-0.0589876686637102,-0.0140404639048965,0.0563602469171824,-0.0150595496846978,0.0230315240551886,0.0271867183012081,0.0575431805568359,0.121323507110426,-0.039053863943545,-0.0473583219644526,-0.0417059655381871,0.0104954467000413,0.00895384180081733,-0.0259227621205014,0.0287921069179949,0.0157295355169848,-0.0223312909978045,0.00102943067453779,-0.0253619651919313,-0.0968505145525689,-0.167468498348388,-0.111404042553297,0.0405081634777058,0.0808465971044467,-0.166104923157482,-0.346002695239366,0.0950881174158864,0.0925020132199853,0.0745797217476057,-0.0503280409586508,0.00967482717137761,0.0771984521081839,0.0355669679498847,0.0785713314228907,0.0905120512730116,-0.0439349216250123,-0.0331299431305462,0.232915545099011,-0.000517017075336764,-0.0550007434561805,0.124045808318517,-0.0483038252429612,0.00401056614319226,-0.182989887914323,-0.0244555479537612,-0.364438074642425,-0.118315762708146,0.0949476256475164,1.65645234423914,0.272112990472316,0.0176825966239969,-0.0949670111927537,0.0120851389655718,0.0109428558400509,-0.00606572798191444,-0.00676021674258082,-0.166148135300936
"预扩张",0.0464624178552521,-0.0318588725376274,-0.0634859522542521,-0.0958858373429122,-0.0311858312277771,0.0703871186013466,-0.127880441458363,-0.0415281859245498,-0.0278446580341591,-0.0548445701703407,-0.0339819952019,0.0215730296643255,-0.0181840186047332,0.0745530481937707,0.0296921327332461,-0.0400439478317605,0.02432651803367,-0.0444868384505396,0.0815322575594991,-0.0700545020720627,0.0494140918785455,-0.0674861203411659,0.00343396344479853,0.00949967331298221,-0.0116055345408019,0.00929041991847655,-0.023901910635642,-0.0144381872046924,-0.0253374079922486,0.0491862386717695,-0.0320883933345837,0.0257301492248834,-0.0427303177890425,0.0798772926747059,-0.0332367132909269,-0.102557354684201,0.0217478032483074,0.0539712759390138,-0.054036721802519,-0.0259604960891785,0.0170753089013971,-0.0475304156013226,-0.0713875037788617,-0.0150056080639008,-0.0275833863839874,0.0188358595783009,-0.0303746493409471,0.00942046099376519,-0.0353625769630521,-0.026583163017763,0.0223576153981253,0.0199084732586664,-0.00453265625068149,0.0558759385425149,-0.0132242471441398,-0.0539949418441225,0.263467636874381,0.103616015094497,-0.148373746628071,0.272112990472316,1.56169700737001,-0.360505596643576,-0.249025710179869,0.0189964987413814,0.193149643692529,-0.0184372525118211,-0.300733691375894,-0.0676184879059713
"后扩张",-0.0353621681859231,-0.00199590592414284,-0.065224597186338,0.128532796457399,0.0804439132024483,-0.00211093155667773,0.114457477079335,0.0450002269123707,-0.0252105039520543,0.00705862093322376,-0.0416409289904696,0.0247178669574474,0.0224898015463404,-0.130284289258716,0.00262635097064302,-0.0760873893660221,0.0618110852651446,0.00672168349904712,-0.0368531552518809,0.0174450719290794,-0.0121838955172534,-0.0469513603635164,-0.0613190065170834,0.0263796477851713,0.0131965234849091,-0.0220753737547793,-0.0316592990287959,-0.000218907822845922,-0.0379919035118528,-0.084254165108195,-0.040134805312187,0.0785017840491813,0.0268554628640876,-0.0561178709181822,0.00215179070888614,0.0689388264254186,0.0781654007357305,-0.03445631274779,0.0435583593733795,0.0555282245466633,0.078125294500266,0.0745843422670356,-0.0436384155595613,0.0217848940717602,0.0261157115154662,-0.039419302429188,0.0274399756703455,0.0271190218063576,-0.0442584017635262,-0.000349316928094054,0.0411792695327545,0.0185473739076641,-0.0420459141376186,0.000571975501541876,0.0370932420649782,0.0347981618335934,0.089284956228329,-0.0838730293009186,-0.0569814074158854,0.0176825966239968,-0.360505596643577,1.50231656743472,-0.21108187961976,-0.00436973282668806,-0.261148173116262,0.00453771679638969,-0.409367048652708,0.053834589668446
"支架直径1",0.0124829460931385,0.00516726599389356,0.0095824374723945,0.0386835680892421,0.0128165012871762,-0.0508996558921319,-0.0260674147624636,0.0743009058980847,0.058103235931419,-0.0177794234811802,0.0390937999153646,-0.012195883478356,0.0383691101316978,-0.0636452141459434,-0.0252235001765329,0.0590595958408682,-0.040453309388704,-0.0663754965164137,0.0199288918763414,-0.13001835338982,-0.0430982100833872,0.061937848810584,-0.133004342314457,-0.149011246897439,0.0108915211157809,0.0118710955684664,-0.00302327106623184,0.154344009029032,0.0163104908548172,0.0234484520140888,0.0160098226530508,-0.00354303614488957,-0.00906871874126571,0.0796108899581895,-0.0147267289668797,-0.0674259411708526,0.128339180733935,-0.018528823072487,0.0156841518446423,-0.00665496458514726,-0.0489642815710283,-0.0287202232983949,0.036767806114911,0.0154660887207716,0.0205398199689882,-0.0636676241571476,0.0119027119622231,0.0245784224090265,0.0450386777130321,0.0472299322486491,-0.126177677985124,0.147064882770851,0.00545090022256213,-0.0168259957282892,0.0810068598928317,-0.0144135665576508,-0.0347781428305493,-0.0279045722144855,-0.0470441381248285,-0.0949670111927537,-0.249025710179869,-0.21108187961976,1.27001999280927,-0.0655111279113481,-0.195702208686111,-0.0204567346914927,0.354907046220942,0.0799229895090996
"支架长度1",-0.00457425007798995,0.0472137841535651,-0.0361182270656851,-0.0247255150049761,-0.0171861251280688,0.173146144244767,-0.0151591610909751,0.0179315055278658,0.00216445366513284,-0.0408963950657493,-0.0178193164598649,0.0924891868167795,-0.0585289467186898,-0.0519508812521327,-0.00302623880284046,0.0313460821508431,0.0210627644791653,0.00409124630212534,0.115076999921833,0.0295654552300528,-0.014430654603046,0.0673384574835255,0.0198302317442064,-0.00519866342779514,0.04031962405387,-0.0107895159892781,-0.0442623564697491,0.0121188757500572,-0.018683423714945,-0.05264566439629,-0.011152392602101,0.0151100212244872,0.0321396655212497,0.0127786820398971,-0.0331397578095682,0.0103620412020075,-0.103793857431118,-0.0226878359912354,-0.00953220805635857,0.0227765449862129,0.0257983219403912,-0.0525935200443331,-0.053420952469843,0.0147841932006716,0.00318562761576676,0.0268642170011167,0.0199386502577424,0.0184694503798824,-0.000635156213556217,-0.126294861068105,-0.0553062091999073,0.0861265672678108,-0.0020631845691273,0.039283251796176,-0.0144980379401034,0.0212829832062931,-0.0596147338096168,0.0418548995244018,-0.0256541737854785,0.0120851389655718,0.0189964987413814,-0.00436973282668811,-0.0655111279113482,1.14699678761411,0.0424944213778935,0.000221775010801187,-0.249448093850117,0.00357683270277945
"最大扩张压力",-0.0072600112034624,-0.0192359780104874,0.0517329792744111,-0.0176873638995356,-0.0231973396959867,0.0739599897699826,-0.0866423987145106,-0.0231764270467119,0.0140724213297828,-0.0154689021676705,-0.0323951459341041,0.043570384686556,0.0274743713875165,0.0414446585554922,0.0545165985022691,0.0284832327309549,-0.0122337813304849,0.0563042996155798,0.0822041736134128,0.0408661995810475,0.0353382923046394,-0.00150028930699816,0.0272616794922139,-0.0584082112883217,-0.04046197251846,0.066764901508058,0.0391097999339227,-0.058710152644315,0.000595558101447475,-0.0118248368413667,0.0201808546911719,-0.0620175203244845,0.0616132821690502,0.0508135323649735,0.123085304032627,-0.132735930784214,0.121362808843591,-0.00303256075414431,0.0107178440827139,0.0269929189764185,0.0395008541955126,0.00918923267861321,0.00654936395595261,0.0150238916398659,-0.0220315709668864,-0.00997176503895118,-0.00264462701565645,0.00681059499551242,0.0218733898413471,0.00368753551339573,-0.0588807857506535,0.00706740566047002,-0.0158009038255282,0.0321722318031257,-0.0519142041871879,-0.00947887794896231,-0.0232065135187968,0.105281546224763,0.00854883218233747,0.010942855840051,0.193149643692529,-0.261148173116262,-0.195702208686111,0.0424944213778935,1.31065072173795,-0.0282750133991357,-0.410535899055021,-0.0508363089201355
"支架数量",-0.0461539120698518,-0.00528583740446318,0.0102171409592721,-0.0134425660068802,0.000474781450097009,0.0925077958275175,-0.0270802090772385,-0.102206945134398,-0.0321273466798245,0.0216657030284439,0.0191578250509672,0.0258035217288168,0.0262370090294649,0.0382883219136187,-0.049012379799425,-0.00587254999902841,0.0488989677202413,0.0143701049572167,0.0320905950751631,0.0299644695347379,0.0912673857937299,-0.0184732930557341,-0.035787891929881,0.0181944264218078,-0.0183585418532713,0.00183670675969641,0.00380406887943371,0.0122244399969363,0.0023945876942767,-4.92822991171166e-05,0.0109144558344298,0.0400057432666758,-0.000437877601983349,-0.0780951687576644,-0.00689109160720791,0.0366268129726601,-0.119886819908773,-0.020932109001045,-0.00629604134032367,-0.0453441007902051,0.00611228380498993,-0.000314193177842036,-0.0217373007026074,0.0235878909958276,-0.00252468559968313,0.00478031761859809,0.00724446217002189,-0.0668963572942666,-0.0201263857162474,-0.0455948845826259,-0.0428162006837769,0.0268448123385744,0.0141383124995639,-0.0894351878024096,-0.053899245189805,0.0437971687375457,0.0746426872686326,-0.0532090367687352,-0.0909070419941678,-0.00606572798191445,-0.0184372525118211,0.0045377167963897,-0.0204567346914927,0.000221775010801198,-0.0282750133991356,1.06981456107052,-0.0466163466808498,0.0448043751906023
"球囊扩张次数",0.0278091653508862,-0.0379108622110786,0.00859111429022181,-0.094891467984916,0.0197899485350567,-0.0967989795765021,-0.0227848802165732,0.00298440279612305,-0.035150814722974,-0.00480175568630633,0.0241819669999504,-0.079255986861931,0.023143891751223,-0.0237579457105248,-0.0601633769733401,-0.0182882331785037,-0.0194234159224934,-0.0338477473673571,-0.0655029648419551,-0.235543975704984,-0.0279580459354497,0.0394177215448545,0.023712366675042,-0.084332296231986,0.0544105757972806,-0.0669399279274481,-0.0325098433335886,0.0856600439085725,-0.0433071627276237,0.088861657277485,0.0174353792384699,-0.0193323711956015,-0.0396288298606102,-0.10940551878666,-0.0298344861594807,0.00618109813279126,-0.0308079682477178,-0.0754466216153605,-0.0522196265901783,-0.0274881005832287,0.0300740947934535,-0.00507309780844483,-0.00333656974120168,-0.0463624258630856,-0.00931451533296327,0.048328733923596,0.043350955682988,0.0414037487881233,-0.0102195895428013,0.008041905065394,0.110727825464738,-0.0364027661439854,-0.00527813113121363,-0.0711829978121657,0.00485141960327754,-0.0929905723609654,0.11605273442846,0.188498039792663,-0.0128905642756206,-0.00676021674258082,-0.300733691375894,-0.409367048652708,0.354907046220942,-0.249448093850117,-0.410535899055021,-0.0466163466808498,1.72314654903065,-0.0917478626676672
"无复流",-0.00146405461850597,-0.0405743710718274,0.0464740062662535,0.0797483794613602,0.104195271758142,-0.0643768812415932,-0.141994783637373,0.0158234902425916,-0.0552884936341213,-0.0285731762488831,0.0536704719664535,-0.0570771105030152,0.0346480369403951,-0.0336679471322819,-0.00318339018744743,-0.01633085953348,-0.124766646782668,-0.0534421976854107,0.0454848422414507,-0.16743691734466,0.0322109198752839,-0.0513984113539096,-0.166412210730927,-0.00692324934199354,-0.0140450648779278,-0.0247882889999313,-0.0706430400058231,0.167208212210844,0.0465477478769182,-0.21494005736498,0.053210623775743,0.112483645885828,-0.0949689029848719,0.184071028507196,0.12271611409802,-0.189340432797899,0.0586351970954241,0.053448022393717,0.0874543938069697,0.0618930212633485,0.0837894358056563,-0.0425627839066302,-0.122265379626597,0.0544155768781639,0.056265274047971,-0.0881223162222095,-0.0798330843175642,-0.279388381811703,-0.111464236880877,-0.0607211028705763,0.0754952402164244,0.0684458083218473,0.0378812084771939,0.0766762313201731,-0.412158616736924,0.207214826788782,-0.562978408770408,-0.0441281570421294,-1.11373873930789,-0.166148135300936,-0.0676184879059714,0.0538345896684461,0.0799229895090996,0.00357683270277943,-0.0508363089201356,0.0448043751906023,-0.0917478626676673,2.45176305496799
